Date,Close,High,Low,Open,Volume
2016-09-26,182.95999145507812,183.80543861796872,182.7635631176334,183.62610686926803,89827300
2016-09-27,184.0958251953125,184.18975219520743,182.43052346410076,182.79774832315172,78494800
2016-09-28,185.009521484375,185.16324739802008,183.36131698649547,184.317787450304,87411000
2016-09-29,183.33570861816406,185.20596044958225,182.78915213586723,184.80458160763706,128070600
2016-09-30,184.71920776367188,185.41947721610654,183.9164500021247,184.16410293469733,117202900
2016-10-03,184.27511596679688,184.49715006712572,183.6431547153356,184.30928307819204,83512100
2016-10-04,183.33570861816406,184.60816633315358,182.74646279471364,184.3861322416042,119948100
2016-10-05,184.1470184326172,184.57401610052685,183.89081722568446,183.95913841626216,72816000
2016-10-06,184.27511596679688,184.49715006712572,183.3869665345465,183.92497474513854,62927400
2016-10-07,183.6431884765625,184.71923115743763,182.9173001126535,184.54843466186713,89788300
2016-10-10,184.59967041015625,185.0608222465507,184.45449273886658,184.59967041015625,51855000
2016-10-11,182.2682342529297,184.24097459765528,181.54234597238792,184.1726534010862,130367400
2016-10-12,182.5073699951172,183.0283077312698,181.90956276636723,182.40488168196612,73866100
2016-10-13,181.90957641601562,182.40489536878093,180.37239494370476,181.18368806096598,101357000
2016-10-14,182.00347900390625,183.34425791539365,181.92662255228754,182.8830931438124,93346200
2016-10-17,181.3715362548828,182.23406686559122,181.19219149811556,181.97786565489582,58275700
2016-10-18,182.5073699951172,183.01975943712776,182.13160991908106,182.95998653281447,76869700
2016-10-19,182.994140625,183.30157950259496,182.41342998450736,182.77210650321214,66519200
2016-10-20,182.65252685546875,183.2076186121692,181.9949467972882,182.64397856230016,73639800
2016-10-21,182.73793029785156,182.82333504941005,181.69605487732855,182.65253857722863,89089100
2016-10-24,183.5150604248047,183.8822852017601,183.1649192035282,183.60900043463656,60146600
2016-10-25,182.90017700195312,183.59191112953658,182.7379158054218,183.33570992611527,66542300
2016-10-26,182.53297424316406,183.11368483726895,181.84122705063066,182.08035774160138,75705500
2016-10-27,182.04617309570312,183.28446365110642,181.96931664758029,183.25030957336313,77220200
2016-10-28,181.50814819335938,182.6952010924593,180.7993435894443,182.02055056559064,140623200
2016-10-31,181.5167236328125,182.0632801638312,181.35446242297428,181.8412330215534,61272500
2016-11-01,180.2015838623047,181.8925043167362,178.99746012352333,181.84125364128977,122781800
2016-11-02,179.1170196533203,180.27845404672607,178.68147361145748,179.89414564956775,103330800
2016-11-03,178.29713439941406,179.54397324800323,178.02386268454555,179.3304744269453,88939300
2016-11-04,178.10072326660156,179.24507384660942,177.95554562862452,178.4081620972983,109122100
2016-11-07,182.0290985107422,182.06326562110294,178.10072783000038,178.10072783000038,109794900
2016-11-08,182.8489532470703,183.4125933311949,181.37154487286696,181.6362813584885,106772100
2016-11-09,184.78750610351562,185.4023837583954,181.33735781436422,181.36297663073972,258429000
2016-11-10,185.24867248535156,186.4357255180889,183.7968829751666,185.57319489302805,172113300
2016-11-11,184.8217010498047,185.06081874280605,183.88231383613845,184.53134571272258,100552700
2016-11-14,184.9668426513672,185.5475662432321,184.22387089519597,185.34260267593842,94580000
2016-11-15,186.41014099121094,186.41014099121094,185.14623127076104,185.35118185568197,91652600
2016-11-16,186.05996704101562,186.29054943951428,185.67567173080798,185.7952305613378,65617700
2016-11-17,187.01644897460938,187.07622187385005,186.10266768262042,186.21369124955535,69797200
2016-11-18,186.59800720214844,187.2555873521638,186.4186624227128,187.08479086709053,86265800
2016-11-21,188.007080078125,188.03269889737496,187.0249905910485,187.17016824377677,72402600
2016-11-22,188.3743438720703,188.5536756439477,187.64844242720747,188.31455792748568,67429000
2016-11-23,188.47679138183594,188.52802902338945,187.6654983183874,187.86191362132126,56620200
2016-11-25,189.1770477294922,189.21120180882446,188.7415017746651,188.81837125729808,37872300
2016-11-28,188.2888946533203,189.1428900193489,188.18641937929613,188.86961827830604,76572500
2016-11-29,188.6561279296875,189.10874445158365,188.02416663924018,188.32307024318024,69886700
2016-11-30,188.2035369873047,189.4332926218375,188.14375104601663,189.2710313879842,113291800
2016-12-01,187.51177978515625,188.502404564412,187.15309024313768,188.502404564412,79040500
2016-12-02,187.60569763183594,188.09248125019275,187.2470211382266,187.59716236922688,74840300
2016-12-05,188.73297119140625,189.07456411693533,188.23765232773474,188.4340676083672,67837800
2016-12-06,189.33074951171875,189.36491661997857,188.44260016096956,188.9208354291371,59877400
2016-12-07,191.80734252929688,191.86711542201004,189.05747672208267,189.1770355384427,110738100
2016-12-08,192.27703857421875,192.74673860027067,191.5169832705835,191.78173276231044,99714400
2016-12-09,193.43853759765625,193.45562115822483,192.46498314026493,192.4991502614021,88005800
2016-12-12,193.21644592285156,193.82278834864064,192.79798351457825,193.34454001164195,102016100
2016-12-13,194.50601196289062,195.00133092061142,193.85698006877575,193.87406362757642,110477500
2016-12-14,192.90048217773438,194.90736351854272,192.46493619058313,194.2070940773172,142501800
2016-12-15,193.69471740722656,194.54871290783137,192.9090431103826,193.13962554420834,124972600
2016-12-16,193.3158721923828,194.20926965482172,192.99803567034257,194.14913133565642,156420200
2016-12-19,193.73678588867188,194.15771476654723,193.3502255069753,193.4962588463833,90341100
2016-12-20,194.48414611816406,194.6301925722848,194.03746050844165,194.26938888388705,89838800
2016-12-21,193.94297790527344,194.52711132423568,193.94297790527344,194.35530814852572,67909000
2016-12-22,193.6079559326172,193.91720689008744,193.21279683394997,193.7969433570569,56219100
2016-12-23,193.89141845703125,193.90000402722998,193.4619040077609,193.65087830631836,36697800
2016-12-27,194.37249755859375,194.7676435624427,194.14055605596963,194.15774030631945,42672500
2016-12-28,192.7660675048828,194.64734277198784,192.65440266833653,194.63017163266682,64095000
2016-12-29,192.72312927246094,193.1869990877424,192.28501616652497,192.8347941105853,48696100
2016-12-30,192.0187530517578,193.13549338336978,191.3315272240164,193.0495852394987,108998300
2017-01-03,193.4877166748047,193.99454069132435,192.3194365897589,193.31590037085448,91366500
2017-01-04,194.6387939453125,194.78482730354813,193.80553476004727,193.81412033132852,78744400
2017-01-05,194.48414611816406,194.638778142869,193.69384106895362,194.37248126960412,78379000
2017-01-06,195.17994689941406,195.6438167017955,194.05460811776294,194.59580047699106,71559900
2017-01-09,194.5357208251953,195.0597290602939,194.50135232349612,194.92228126898283,46939700
2017-01-10,194.5357208251953,195.38615117997924,194.149147273665,194.55289196830208,63771900
2017-01-11,195.08547973632812,195.08547973632812,193.78833763321774,194.44979359470986,74650000
2017-01-12,194.59580993652344,194.78479733757604,193.24714141927393,194.57004011890174,72113200
2017-01-13,195.04248046875,195.34313266685308,194.73322959418726,194.76758497681044,62717900
2017-01-17,194.35528564453125,194.81056990593012,193.96872526700736,194.40682528050235,61240800
2017-01-18,194.7847900390625,194.82774410273595,194.05461027983333,194.6043882147299,54793300
2017-01-19,194.06320190429688,194.99954016274512,193.63368749865208,194.86209240708132,66608800
2017-01-20,194.77622985839844,195.26586954642843,194.1147738932784,194.74186135988379,129168600
2017-01-23,194.2693634033203,194.8363255733062,193.51342695107874,194.77620037162023,75061600
2017-01-24,195.51492309570312,195.92725317144743,194.37241343514742,194.48407824473722,95555300
2017-01-25,197.20724487304688,197.20724487304688,196.29666334855813,196.45988091528477,84437700
2017-01-26,197.00115966796875,197.3275949446261,196.72626404388996,197.06128489339548,59970700
2017-01-27,196.69187927246094,197.22447307989955,196.51147740763082,197.0784397168194,59711100
2017-01-30,195.47207641601562,196.03044009388663,194.49278375585737,196.00467026923067,79737300
2017-01-31,195.45484924316406,195.514987559318,194.41543158963867,194.98238071531566,75880800
2017-02-01,195.5321044921875,196.36536336272928,194.94797127987314,195.45479505662897,79117700
2017-02-02,195.66102600097656,195.9445071250719,194.84495112674284,195.53216379489243,69657600
2017-02-03,197.00965881347656,197.1900606261048,196.25372239437576,196.56297328192488,80563200
2017-02-06,196.65753173828125,197.00115125370314,196.32251090308506,196.60599208790404,57790100
2017-02-07,196.66607666015625,197.28457851110494,196.47708925526968,197.04405146992943,57931200
2017-02-08,196.92376708984375,197.05261616691757,196.12486348876837,196.66605582795688,51566200
2017-02-09,198.09207153320312,198.3927237865184,196.92379169339242,196.92379169339242,65955200
2017-02-10,198.8737335205078,199.09708937584264,198.10919848681564,198.43563359369702,66015900
2017-02-13,199.9561767578125,200.21388807002674,199.3376748515951,199.36344467204233,55182100
2017-02-14,200.7550811767578,200.76367985599123,199.43218224134307,199.77578860936848,71109000
2017-02-15,201.80308532714844,201.99207275035496,200.48877204341161,200.54031168469666,86785800
2017-02-16,201.63128662109375,202.00926147588143,200.88393559041765,201.82885961964467,84722400
2017-02-17,201.9490966796875,201.9490966796875,200.95262003092606,200.96980427872967,77204100
2017-02-21,203.1517333984375,203.32353654345866,202.3098757046762,202.3184743819581,88946100
2017-02-22,202.97140502929688,203.1947478878758,202.58484453617226,202.748062170718,62115200
2017-02-23,203.10879516601562,203.50394111958892,202.35284553971434,203.48676997916627,74615900
2017-02-24,203.3665008544922,203.4094418121065,202.22399087630657,202.2669449416613,82381600
2017-02-27,203.68434143066406,203.85614458778943,203.03148419049145,203.2805968021621,56515400
2017-02-28,203.13455200195312,203.54688217733758,202.74799164329642,203.30635514938498,96961900
2017-03-01,205.9779815673828,206.44186458797842,204.76674747862452,204.78393172954287,149158200
2017-03-02,204.68087768554688,205.79761819361104,204.6293380341776,205.78901951321984,70246000
2017-03-03,204.80966186523438,204.97287944797426,204.2169298469644,204.59490464746935,81974300
2017-03-06,204.19976806640625,204.55195995780062,203.5984373429105,204.01936622780934,55391500
2017-03-07,203.58984375,204.25129965513565,203.38367210083368,203.89909466987922,65103700
2017-03-08,203.21189880371094,204.13965169965755,203.07445101740572,203.88194037727087,78168800
2017-03-09,203.46957397460938,203.7960091321492,202.50746585690035,203.3321262127252,90683900
2017-03-10,204.1826171875,204.46609834720095,203.2376799884968,204.42314427311115,81991700
2017-03-13,204.2856903076172,204.32864438040932,203.79605057946623,204.12247269565265,57256800
2017-03-14,203.50393676757812,203.79601654914697,202.89403360209778,203.74446380575915,59880800
2017-03-15,205.26499938964844,205.68592836449596,203.83900794775064,204.07094947329878,96081800
2017-03-16,204.86122131347656,205.47972320907772,204.53479922416713,205.402413749063,78344000
2017-03-17,204.50140380859375,205.31240587517215,204.50140380859375,205.1225963206639,89002100
2017-03-20,204.27713012695312,204.78615895879375,203.8888880207148,204.50144457028145,52537000
2017-03-21,201.654296875,205.0018332238527,201.52488723873597,204.88104650841805,131809300
2017-03-22,202.1288604736328,202.41357489403939,201.06766175376634,201.68885445924116,97569200
2017-03-23,201.9131317138672,203.04335309989824,201.54214864232134,202.12882322004916,100410300
2017-03-24,201.7664794921875,202.78453716514386,200.98999527263658,202.21512154769727,112504900
2017-03-27,201.5594024658203,201.81823491644124,199.82524742676122,200.10132571992898,87454500
2017-03-28,203.0261688232422,203.44891587810224,201.1453314733169,201.25749530326857,93483900
2017-03-29,203.21592712402344,203.44887766371772,202.51708866970682,202.74141628747404,61950400
2017-03-30,203.8629913330078,204.0614370101192,202.9829794096838,203.15552999280033,56737900
2017-03-31,203.3884735107422,204.05279389108298,203.33669648930265,203.52650607361866,73733100
2017-04-03,203.03472900390625,203.6386625847675,201.80960283565494,203.44023008636267,85546500
2017-04-04,203.1641387939453,203.25042066188962,202.3703956349636,202.75001479029498,56466200
2017-04-05,202.5602264404297,204.81204651620817,202.3531578345219,203.8371165982791,108800600
2017-04-06,203.12960815429688,203.64725980194245,202.25820615890115,202.69822519887737,69135800
2017-04-07,202.92254638671875,203.61276177143904,202.4393995668436,202.87940545678057,74412300
2017-04-10,203.04336547851562,203.8371086898843,202.51707764475574,203.06062448619653,67615300
2017-04-11,202.80181884765625,202.90534657790053,201.317859945241,202.6637730974857,88045300
2017-04-12,201.9131317138672,202.71551096254174,201.68881728675328,202.52570138392045,81864400
2017-04-13,200.60174560546875,202.3100319998575,200.60174560546875,201.57667553274217,92880400
2017-04-17,202.3790283203125,202.3790283203125,200.9209516639989,201.11938415921915,68405400
2017-04-18,201.77508544921875,202.3100093351554,201.09350608400823,201.64567581176254,83225800
2017-04-19,201.4041290283203,202.70690115523192,201.17980140736037,202.33591803559278,68699900
2017-04-20,203.04336547851562,203.48338460340221,201.69745250424853,202.0166717401344,92572200
2017-04-21,202.39630126953125,203.01749393015078,201.99943622593705,202.96573006922685,110389800
2017-04-24,204.62228393554688,204.82935258903368,202.3704633423584,204.63090685932042,119209900
2017-04-25,205.8128662109375,206.1579674025081,205.17441452528865,205.2606964055646,76698300
2017-04-26,205.6833953857422,206.65832511330024,205.64026762043648,205.7783001659891,84702500
2017-04-27,205.85595703125,206.15791720916425,205.3210332003571,206.00262566019637,57410300
2017-04-28,205.40731811523438,206.1406612708753,205.2778953244058,206.1147793456623,63532800
2017-05-01,205.92501831054688,206.3477784632554,205.51089424478687,205.92501831054688,66882500
2017-05-02,206.0027313232422,206.18390488996573,205.59723007326266,206.06311812389333,57375700
2017-05-03,205.75244140625,206.09755572089628,205.07948494864596,206.00265092996418,73137700
2017-05-04,205.99398803710938,206.13203374500333,205.14848111459466,206.0543879710992,61462700
2017-05-05,206.8050537109375,206.8223127209225,205.92502850844568,206.36504769207525,62001300
2017-05-08,206.7705078125,206.9948222387099,206.34774772277183,206.84815359486905,48385700
2017-05-09,206.5806884765625,207.22776296193527,206.23557418550524,207.0293304725549,51363200
2017-05-10,206.95169067382812,206.95169067382812,206.3304980572237,206.53756665101363,54293800
2017-05-11,206.5289764404297,206.6929041242144,205.4505186942327,206.50309450770234,62358300
2017-05-12,206.18382263183594,206.57206471326526,205.9163672682905,206.27872742194222,53912700
2017-05-15,207.3226776123047,207.4434643287316,206.58932122807815,206.60658023464333,61918900
2017-05-16,207.1328887939453,207.64191763813506,206.74464667828815,207.61603570807566,51241800
2017-05-17,203.45751953125,207.13289858586077,203.39711958174536,207.13289858586077,172174100
2017-05-18,204.27713012695312,205.1226372061691,203.12101356502765,203.37984602410845,107047700
2017-05-19,205.6057586669922,206.27009215798319,204.70848783994123,204.76025169239898,115011400
2017-05-22,206.6497039794922,206.8136316163142,206.04577044759293,206.114780138584,61010600
2017-05-23,207.10699462890625,207.27092228610908,206.64109358582823,207.0207127572947,48341700
2017-05-24,207.59014892578125,207.693676643599,207.0034611403605,207.33995255279973,46927700
2017-05-25,208.58230590820312,208.85839735058266,207.8921036317834,208.0991590488035,64071700
2017-05-26,208.53919982910156,208.7031143297026,208.31487221764533,208.3925180071036,46629900
2017-05-30,208.3579864501953,208.60818279463714,208.06464917332852,208.2199407323412,35201900
2017-05-31,208.30624389648438,208.68586307701707,207.6160284014036,208.65134506164196,91796000
2017-06-01,209.96273803710938,209.9799970435517,208.4787794374206,208.7634938022781,68962000
2017-06-02,210.6615447998047,210.81684950495756,209.72113314363025,210.01447038532018,88666100
2017-06-05,210.50628662109375,210.77374198177247,210.3078409572391,210.48902761450537,44698800
2017-06-06,209.83334350585938,210.49766390691767,209.75568455366084,209.9454941438962,50375400
2017-06-07,210.2215576171875,210.44587202815976,209.50546028842197,210.16979376579113,54144300
2017-06-08,210.3251190185547,210.7996430069901,209.79883117042922,210.31649609686164,65950700
2017-06-09,210.00587463378906,211.38629233108014,208.74623048480618,210.5925491930658,132256400
2017-06-12,209.96273803710938,210.0145018916717,209.11723102814028,209.76430553969885,86108100
2017-06-13,210.98947143554688,211.04123529985745,210.15258718981383,210.4976883950623,60067000
2017-06-14,210.72198486328125,211.26551852292656,209.9023465836892,211.25689560173907,78602300
2017-06-15,210.31649780273438,210.43728453124618,209.0999944310873,209.37607273992884,66464900
2017-06-16,210.36245727539062,210.52718436310528,209.4868187704982,210.47516806781985,84553100
2017-06-19,212.11373901367188,212.17442027941766,211.09070340784731,211.18607102170412,65123800
2017-06-20,210.68319702148438,211.76691375013706,210.66586707867998,211.75824877873487,56906400
2017-06-21,210.63124084472656,211.1861034389839,210.16308090509006,211.0734058627381,55977600
2017-06-22,210.53582763671875,211.1340414287775,210.36243559398292,210.63987344553215,44148100
2017-06-23,210.7873077392578,211.11674873053062,210.21510195535575,210.59657247795712,66986800
2017-06-26,210.92596435546875,211.8709754678572,210.7178991944742,211.45481868793817,56700500
2017-06-27,209.22669982910156,211.00399800962012,209.20935665635997,210.70921698887196,82247700
2017-06-28,211.09942626953125,211.29882651197488,210.00703096534323,210.24111756323617,70042600
2017-06-29,209.2440643310547,211.2987873400625,208.0389716674855,211.24677104550017,106949700
2017-06-30,209.6342010498047,210.42315013272864,209.4434658159337,210.05034463781132,86820700
2017-07-03,209.98963928222656,211.0039966029294,209.98963928222656,210.57050989003255,39153800
2017-07-05,210.47512817382812,210.6831933155326,209.54746032051654,210.3537524315126,54427600
2017-07-06,208.55050659179688,209.83362384316334,208.36843631115232,209.71224806572283,65400800
2017-07-07,209.90293884277344,210.05032273922362,208.55912737294966,209.1226680429866,57972300
2017-07-10,210.12835693359375,210.50116240696096,209.59950258460685,209.90294859248792,36663300
2017-07-11,209.9723358154297,210.28444683689426,208.81059438013204,210.1283847116784,50354600
2017-07-12,211.5502166748047,211.71494377022336,210.93467284651766,210.93467284651766,59610400
2017-07-13,211.90557861328125,212.01828935757922,211.33337315155998,211.55879464015595,39471600
2017-07-14,212.8939666748047,213.24942891151053,211.81025002311347,211.9056176176208,60262700
2017-07-17,212.86798095703125,213.19743508711832,212.6945889202881,212.81596466890477,33531900
2017-07-18,212.9806671142578,213.03268339637143,212.1223587724942,212.46047783519572,42742500
2017-07-19,214.1337890625,214.14245403505353,213.2841455094894,213.29282371100865,51034300
2017-07-20,214.22915649414062,214.50658113424,213.68295895752232,214.38520537376544,47135200
2017-07-21,214.03839111328125,214.06439925622144,213.43149916744,213.65692071154007,82340800
2017-07-24,213.98638916015625,214.1250948554731,213.51821609794712,213.9603677865093,46622300
2017-07-25,214.506591796875,214.8360459755248,214.28118343877938,214.73200015497065,54915600
2017-07-26,214.5152130126953,214.8273239527601,214.2551315867777,214.792650838959,47575400
2017-07-27,214.31582641601562,215.0094077966364,212.99802311573262,214.9747346806394,70766600
2017-07-28,214.064453125,214.19449387242534,213.38821478045384,213.83903152417315,50088400
2017-07-31,213.9430694580078,214.55861327840122,213.73499104083677,214.46324565748534,65838700
2017-08-01,214.41989135742188,214.57594023678143,213.89970196829188,214.5412671176901,55050400
2017-08-02,214.52392578125,214.662644716735,213.59625778278055,214.54993392803271,47211200
2017-08-03,214.10775756835938,214.4371984660233,213.83031972931158,214.4111903222331,40856000
2017-08-04,214.49795532226562,214.82739631571883,214.1164847971395,214.5933229535472,60191800
2017-08-07,214.8966522216797,214.8966522216797,214.46316560277674,214.56721138700746,31995000
2017-08-08,214.3678741455078,215.79838843328037,213.99508187076393,214.58461753193095,61719400
2017-08-09,214.3591766357422,214.41119292395376,213.32747615633122,213.68293843106287,62632600
2017-08-10,211.33343505859375,213.6569306918411,211.2814187702836,213.52687674210125,120479500
2017-08-11,211.6455535888672,212.2351024117232,211.32477764683614,211.55886418157053,74869900
2017-08-14,213.74362182617188,213.96036518186153,212.88532660417815,212.91999972034407,73291900
2017-08-15,213.7176513671875,214.1424731816764,213.41421855309565,214.12513000605298,55242700
2017-08-16,214.0904083251953,214.63660578722943,213.66558660706167,214.23779221214846,56715500
2017-08-17,210.75259399414062,213.795679576412,210.75259399414062,213.48356857384485,128490400
2017-08-18,210.42315673828125,211.7062738918112,209.98099175998811,210.58787060091672,136748000
2017-08-21,210.58787536621094,210.84797008362776,209.66022052315,210.36246699989866,65469700
2017-08-22,212.7899932861328,212.9460421774711,211.15141378224735,211.16875695760717,63140100
2017-08-23,212.0269775390625,212.4517991972661,211.68019352797197,211.82757739413356,50203800
2017-08-24,211.53285217285156,212.56453944331724,211.3247737870032,212.40849057565453,50741700
2017-08-25,212.0269775390625,212.93730210437764,211.8795936729009,212.32174527138562,64445900
2017-08-28,212.0357208251953,212.5819051488729,211.61956400938766,212.55589700150568,40565600
2017-08-29,212.27845764160156,212.53853909724913,210.6138569516661,210.72656773509016,51135700
2017-08-30,213.28414916992188,213.5529220712823,212.07905651601493,212.2611267744893,62030800
2017-08-31,214.56729125976562,214.81004279839868,213.31884721595745,213.89971791404133,103803900
2017-09-01,214.87069702148438,215.29551877510065,214.72331312222116,214.94005648507263,62007000
2017-09-05,213.32748413085938,214.59327118350407,212.36514307607808,214.3678496208747,91398800
2017-09-06,214.05575561523438,214.38520978428556,213.4748849475156,214.003739320956,57916900
2017-09-07,214.02972412109375,214.37652142673002,213.62224555507393,214.35917825420708,58034700
2017-09-08,213.7783203125,214.23781519434118,213.53556879865806,213.74363396539954,63832800
2017-09-11,216.0585174560547,216.1365419126065,215.02681665619664,215.04414660500692,71364800
2017-09-12,216.78675842285156,216.82143154724108,216.24056080370087,216.42263108640702,56896000
2017-09-13,216.89077758789062,216.92546393909893,216.3879313271056,216.5006421250822,59228000
2017-09-14,216.82138061523438,217.0207940277763,216.3965721036551,216.56996414280775,95446300
2017-09-15,217.11328125,217.20040087831916,216.57309435272185,216.67764322455182,95432400
2017-09-18,217.5750274658203,217.92353252183636,217.19166392743324,217.47918658122356,46235200
2017-09-19,217.79290771484375,217.8800406506662,217.4705397826157,217.8190449366666,47108100
2017-09-20,217.87130737304688,217.98457752444963,216.87805311466042,217.88002864292014,59574100
2017-09-21,217.2875518798828,217.80160160197312,217.113299314129,217.7144819664055,48211400
2017-09-22,217.33106994628906,217.49661450000565,216.9651356513124,216.99127286562393,51214000
2017-09-25,216.88670349121094,217.4269035897625,216.14612695268764,217.0783852528558,57064400
2017-09-26,217.0174102783203,217.5575971007393,216.78216205468613,217.3136409038652,54082000
2017-09-27,217.862548828125,218.2459123642395,216.83443631812563,217.71443351546543,81001400
2017-09-28,218.12396240234375,218.20237405540473,217.49664258862123,217.58376221603876,44778800
2017-09-29,218.89065551757812,218.96908045781802,217.93225993918287,218.11522044563844,85578000
2017-10-02,219.8403778076172,219.8403778076172,218.9429512512324,219.11721709572956,59023000
2017-10-03,220.31088256835938,220.3370197886667,219.7619743526678,219.8403993082085,66810200
2017-10-04,220.57223510742188,220.81619132358347,220.0494641901518,220.1627343243042,55953600
2017-10-05,221.879150390625,221.8965663385826,220.60708157503166,220.90331222571203,63522800
2017-10-06,221.62646484375,221.9139875099942,221.1734109102285,221.43478306625389,80646000
2017-10-09,221.2605743408203,221.91403144950237,220.99918883842372,221.85304903256053,35803100
2017-10-10,221.8442840576172,222.21893963932018,221.28666796651436,221.82686811027568,43057400
2017-10-11,222.19284057617188,222.19284057617188,221.58294994908832,221.74848124495355,47674300
2017-10-12,221.86172485351562,222.22765918598844,221.62647660599134,221.8791540963811,47065100
2017-10-13,222.13182067871094,222.41063538908594,221.86172723717084,222.29736525116894,54800400
2017-10-16,222.42807006835938,222.61975187422956,222.01858253176565,222.35837967951406,38221700
2017-10-17,222.5848846435547,222.62845110323354,222.15795461008904,222.37577361386636,31561000
2017-10-18,222.80270385742188,223.00309361859325,222.61102207034773,222.9595271588733,40888300
2017-10-19,222.86367797851562,222.89853646284217,221.60905172970456,222.02726047930824,61903800
2017-10-20,224.0137481689453,224.03991197327463,222.84625487383053,223.6565484256935,89176400
2017-10-23,223.1425018310547,224.36230960211688,223.06409017535535,224.33617238355043,63915300
2017-10-24,223.53457641601562,223.76981137229262,223.1773500525499,223.5694349022459,66935900
2017-10-25,222.42807006835938,223.31677541424685,221.3041297472279,223.2035052667913,103715300
2017-10-26,222.71559143066406,223.30805279459497,222.59361330899486,223.0379726265612,69798000
2017-10-27,224.5364990234375,224.69334888925644,222.72425689686983,223.45612544351619,85562500
2017-10-30,223.7001190185547,224.4407089563266,223.40388836129273,223.4561627955605,54285700
2017-10-31,224.0486297607422,224.30130725889842,223.7523990960091,224.07476697853525,60304800
2017-11-01,224.3448486328125,225.16385019959108,223.97892760294408,224.82406638614185,54202700
2017-11-02,224.43202209472656,224.57142947055752,223.21224079275353,224.27519876788108,56449500
2017-11-03,225.1813201904297,225.22487336002712,224.17933139732267,224.58883223063762,59589700
2017-11-06,225.5298309326172,225.66051703390133,224.9809227179865,225.0506131089256,49652600
2017-11-07,225.3729705810547,225.96543186902304,224.86761562013888,225.6343427406781,57502200
2017-11-08,225.75633239746094,225.85218659269393,224.9199148053821,225.198729532487,50469600
2017-11-09,224.93736267089844,225.12904447666784,223.3603284661559,224.55399905935963,95085500
2017-11-10,224.8677215576172,225.0419874722865,224.2404014897512,224.5540748183069,59984700
2017-11-13,225.0767059326172,225.30324618964931,224.15315554673057,224.1880140299429,50228600
2017-11-14,224.55398559570312,224.6585344672659,223.49972243256397,224.27517087871254,61315200
2017-11-15,223.43003845214844,224.10963272602055,222.72430695963646,223.5868617639876,80811500
2017-11-16,225.3293914794922,225.69533909325546,224.32742941239627,224.3709825760484,67777000
2017-11-17,224.66720581054688,225.30324683213357,224.58879416501952,224.98087898188828,75756800
2017-11-20,225.05056762695312,225.24224939984404,224.66720408117126,224.91118687324328,48075500
2017-11-21,226.52301025390625,226.7059973351499,225.01571998050593,225.81727890976654,69176800
2017-11-22,226.32266235351562,226.66244616724182,226.1571177863148,226.53176008503942,45033400
2017-11-24,226.84542846679688,226.9500039318348,226.67118920353894,226.81059656768687,27856500
2017-11-27,226.7321319580078,227.18518584375184,226.53172893336713,226.888955235085,52274900
2017-11-28,229.03233337402344,229.0584705922239,227.0980994594827,227.19395365237457,98971700
2017-11-29,228.89291381835938,229.6944994491904,228.44858113262555,229.16300725511863,77512100
2017-11-30,230.89686584472656,231.80297375843676,229.7293591722956,229.80777082314165,127894400
2017-12-01,230.41766357421875,231.1582535565381,227.19395804711638,230.67906235051507,164390900
2017-12-04,230.13888549804688,232.45645656258978,230.08658446911275,232.02953977531664,94040600
2017-12-05,229.31109619140625,231.01878943552867,229.18041012998373,229.31109619140625,77994500
2017-12-06,229.3546905517578,229.78163388140953,228.8929153256221,229.4069649857178,75898600
2017-12-07,230.0778350830078,230.3914816466155,229.09328905407722,230.0778350830078,77218600
2017-12-08,231.3324737548828,231.34116843324517,230.0429758449776,231.0275218706693,76563900
2017-12-11,232.02955627441406,232.09055198814374,231.30640874768952,232.02955627441406,83077500
2017-12-12,232.43907165527344,232.90956826462156,232.06442925766308,232.81371405288377,85195800
2017-12-13,232.41285705566406,233.11858844010973,232.32572414379501,232.68295046999603,102905400
2017-12-14,231.4632110595703,232.82239964339814,231.4109366209028,232.70912949653976,100666700
2017-12-15,233.3906707763672,233.8548063287974,232.4098580410537,232.46239967150672,144610300
2017-12-18,234.8706817626953,235.22096824626072,234.6780201879625,234.78310346051757,83653600
2017-12-19,233.96865844726562,235.15963771971707,233.8985851223314,235.11586193549044,82382900
2017-12-20,233.84605407714844,234.9844917700065,233.548309245557,234.93195013649887,76751500
2017-12-21,234.32772827148438,235.0370938759789,234.08252503819358,234.46784822267168,67032300
2017-12-22,234.266357421875,234.38020650875674,233.73214864307707,234.34516985314593,78720900
2017-12-26,233.9861602783203,234.20509264680368,233.7234521261973,233.86354532390112,45244400
2017-12-27,234.1000213623047,234.45907367200337,233.8285473495083,234.15256299541727,57751000
2017-12-28,234.58154296875,234.62534545756418,234.21375172344142,234.59907465432786,45116100
2017-12-29,233.6971435546875,235.17712843378723,233.50450873565194,235.1596234661862,96007400
2018-01-02,235.36978149414062,235.40481815322119,234.17003649075016,234.55535956521518,86655700
2018-01-03,236.85858154296875,237.00746733124353,235.53622131969905,235.53622131969905,90070400
2018-01-04,237.85684204101562,238.3385092309832,236.91983192352953,237.49781651640686,80636400
2018-01-05,239.44203186035156,239.56462012410364,238.15470810262897,238.64511460793756,83524000
2018-01-08,239.87989807128906,240.0375230077794,239.056709991639,239.34568904187134,57319200
2018-01-09,240.42279052734375,241.0445510051159,240.0199357049953,240.30017556615664,57254000
2018-01-10,240.05496215820312,240.3176970387955,239.00410281126253,239.66963904678204,69574300
2018-01-11,241.80648803710938,241.80648803710938,240.44035180047092,240.60674258667757,62361500
2018-01-12,243.38275146484375,243.54911548070612,241.77138568614413,242.06915723068042,90816100
2018-01-16,242.55079650878906,245.2830682257334,241.85896273265797,244.63503695893434,106555100
2018-01-17,244.86273193359375,245.2480550819238,242.55081976875894,243.4790909737871,113258800
2018-01-18,244.45114135742188,245.16921922426718,243.9607082585169,244.74888617541,100728000
2018-01-19,245.56333923339844,245.56333923339844,244.4511722674767,245.0291302827362,140920100
2018-01-22,247.55996704101562,247.55996704101562,245.30057003294718,245.35313838849672,91322400
2018-01-23,248.0854034423828,248.37438240190056,247.2797205890968,247.60373620966402,97084700
2018-01-24,247.98915100097656,249.3202773616272,246.81567631077,248.72476080415896,134816100
2018-01-25,248.0941162109375,248.94357475644838,247.3059651344655,248.84725735522073,84587300
2018-01-26,250.96658325195312,251.01038576813065,248.67217591890113,248.92614499225988,107743100
2018-01-29,249.302734375,250.83526141020025,249.1451094368441,250.39739654300018,90118300
2018-01-30,246.7455291748047,249.35518573431412,246.272627806415,247.48113867833266,131796400
2018-01-31,246.8681640625,248.0941801334713,245.79977290240802,247.59503458235346,108364800
2018-02-01,246.5879669189453,247.88405654725665,245.7998155028056,246.14136292738482,90102500
2018-02-02,241.21975708007812,245.40574398618298,241.18472040895998,245.27436315077742,173174800
2018-02-05,231.13125610351562,241.5699623998002,230.58830814689736,239.46821716686404,294681800
2018-02-06,235.68507385253906,236.18424605878744,226.55122199851291,227.63711797689834,355026800
2018-02-07,234.406494140625,238.51364033232687,234.32765497855863,235.13333776459748,167376100
2018-02-08,225.61422729492188,234.8444250144231,225.57919062692255,234.70430506757302,246449500
2018-02-09,229.00323486328125,230.8510110430975,221.48947511397188,228.3902136018895,283565300
2018-02-12,232.36605834960938,233.82853834866464,229.1433802587504,231.04369827517536,143736000
2018-02-13,232.94410705566406,233.4870552096194,230.5883919553222,231.16637678135055,81223600
2018-02-14,236.08787536621094,236.44692761145242,231.45525956071054,231.46402540637033,120735700
2018-02-15,239.10043334960938,239.10919919698648,235.36981698661455,237.8218757143435,111200300
2018-02-16,239.17042541503906,241.10580648393835,238.4348159820051,238.47861848375777,160420100
2018-02-20,237.67308044433594,239.66100434556776,236.88492890944633,238.22479453630504,86369700
2018-02-21,236.49072265625,240.58039086681103,236.39440524670226,238.11082745208617,98883700
2018-02-22,236.79721069335938,239.11788812385572,236.13167456102045,237.41023192789297,110511300
2018-02-23,240.57162475585938,240.57162475585938,237.54160840450416,238.01450978077298,92766400
2018-02-26,243.36521911621094,243.46156325686482,241.0533071673779,241.64003095764554,86491400
2018-02-27,240.32640075683594,244.2584437384325,240.26509328788163,243.5490783729334,99099200
2018-02-28,237.8919219970703,241.86774155496124,237.5766721936537,241.42111094164326,121907800
2018-03-01,234.43283081054688,239.22307291824933,232.94407976111245,237.68178022943695,176855100
2018-03-02,235.64126586914062,236.20174553860167,231.9106766292142,232.76887437600675,139083200
2018-03-05,238.3648223876953,238.97784374741312,234.3539661829814,234.4590761754729,97307400
2018-03-06,238.9691162109375,239.41574689391004,237.4803650844615,239.33690770561606,79213200
2018-03-07,238.88150024414062,239.23178671128736,236.62212981467155,236.81479138037392,87063500
2018-03-08,240.0374755859375,240.16006382616135,238.5662563523812,239.55580829717485,66901200
2018-03-09,244.2146759033203,244.2146759033203,241.1233519067647,241.4386284167574,113625300
2018-03-12,243.9081268310547,245.12540344509145,243.52280378237677,244.50364309500878,71924800
2018-03-13,242.3318328857422,245.56327640639196,241.72757748105877,245.06410425032487,91968900
2018-03-14,241.08828735351562,243.47027233344934,240.53660029385185,243.28637664689475,105895100
2018-03-15,240.82559204101562,242.23550358816982,240.32641985438764,241.59623821156944,83433000
2018-03-16,241.0867919921875,242.13308615079202,241.03403991966823,241.35055235478387,100343700
2018-03-19,237.82472229003906,241.2625409475371,236.18055398257786,240.3393531613482,109208400
2018-03-20,238.22921752929688,238.86226908752002,237.5521880325357,238.22041657515382,59757300
2018-03-21,237.77206420898438,240.2690941608943,237.56105590752813,238.1853066874594,78709600
2018-03-22,231.82838439941406,236.4003997693107,231.55579629929971,235.55633993415995,148785900
2018-03-23,226.88711547851562,232.5933823161941,226.6936822495742,232.26806889301673,183534800
2018-03-26,233.09451293945312,233.37587522490952,228.08287803665996,230.47440379867055,141956100
2018-03-27,229.12913513183594,234.55401162788922,227.5816696445901,234.02649096831001,129941400
2018-03-28,228.45211791992188,230.9227983594075,227.35307176606125,229.26102769532312,146452300
2018-03-29,231.37120056152344,233.22640449908832,228.46092837170607,229.5863506067516,111601600
2018-04-02,226.3771209716797,231.35360494123992,223.91525502005953,230.84363252390713,186286300
2018-04-03,229.2786102294922,229.75340569640937,225.82321544912134,227.60806538774042,119956900
2018-04-04,231.731689453125,232.43506828346253,225.61220776620473,225.7440879428702,123715300
2018-04-05,233.56048583984375,234.4397226752616,232.39988677736926,233.4813309123388,82652600
2018-04-06,228.3554229736328,233.0944962072635,226.84313433809155,231.60861043926135,179521200
2018-04-09,229.4808349609375,232.85710149682288,228.5488459770193,229.80614832654538,105442900
2018-04-10,233.129638671875,233.91217232519995,231.22170978854876,232.35590597309297,103529000
2018-04-11,231.90750122070312,233.56047065698417,231.58218790589447,231.65251504199753,91140200
2018-04-12,233.8154754638672,234.75626543924633,233.05054361120307,233.22640173391812,68890500
2018-04-13,233.129638671875,235.23102756207518,232.12732264458262,235.11672248173076,85079200
2018-04-16,235.04641723632812,235.81137597132638,233.93859685357626,234.75628083022704,63405300
2018-04-17,237.56103515625,238.15890984627407,236.2949317937387,236.80487742177513,64682000
2018-04-18,237.73690795898438,238.53699002557937,237.27968754129108,238.0006683290504,57303900
2018-04-19,236.4180145263672,237.2884504401643,235.38929558373255,237.0862163007596,77655900
2018-04-20,234.41326904296875,236.56740955607842,233.53403239797265,236.34760039482939,99953100
2018-04-23,234.37818908691406,235.53878824560172,233.30551898549322,234.98486470021984,65558000
2018-04-24,231.2217559814453,235.61794098262143,229.7270423481719,235.3981317325626,112885500
2018-04-25,231.79322814941406,232.23284659924198,229.3489506416581,231.16017650837463,103840900
2018-04-26,234.14959716796875,234.97608207281635,232.3735481342447,232.81316662268776,67731900
2018-04-27,234.369384765625,235.0551884709674,233.4373958027797,234.7562511462982,57053600
2018-04-30,232.56690979003906,235.53873415074082,232.49655582751097,234.98481073257543,82182300
2018-05-01,232.98019409179688,233.085698222423,230.4567617508169,232.00422721914586,74203400
2018-05-02,231.41514587402344,233.59563605382283,231.02827951976636,232.7867531910517,86368900
2018-05-03,230.90521240234375,231.55583918408507,227.76632993031865,230.58869996761013,136311500
2018-05-04,233.89462280273438,234.57165248189582,229.61274280112596,229.93805620593548,91222100
2018-05-07,234.68594360351562,235.6530828038007,233.97373697292065,234.65956756772937,55304900
2018-05-08,234.68594360351562,235.04640714853366,233.1296769955772,234.316652270325,67499200
2018-05-09,236.95431518554688,237.27962850508365,234.8353512992768,235.3540977861297,59666100
2018-05-10,239.17002868652344,239.49536890141917,237.58741288817453,237.6929170304401,72063900
2018-05-11,239.8997802734375,240.16354059598854,238.78313229955305,239.2931046993908,59871500
2018-05-14,240.0140838623047,240.9812229270874,239.46893447879592,240.3305962473945,54790600
2018-05-15,238.3611602783203,238.8095529103585,237.42037023197227,238.7919778296341,87036100
2018-05-16,239.36343383789062,239.82065417703188,238.36989189436235,238.39629475901697,53942600
2018-05-17,239.1612548828125,240.23392505091894,238.38752206225277,239.099701855681,56536400
2018-05-18,238.5633544921875,239.1788311020696,238.2116650717618,238.81834072567383,64368000
2018-05-21,240.3569793701172,240.89332781469182,239.65360060549267,240.04046697569012,58025900
2018-05-22,239.688720703125,241.13068187161053,239.36340739447743,240.87569569773413,52966400
2018-05-23,240.34820556640625,240.37460843443773,238.26441823782346,238.4227012850976,64694200
2018-05-24,239.85585021972656,240.2251415772078,238.0798010848693,239.95258024542736,76043800
2018-05-25,239.28431701660156,239.90856770271625,238.78314554377755,239.28431701660156,56374800
2018-05-29,236.53225708007812,238.42263752838613,235.42443703849958,237.66647998262778,115908600
2018-05-30,239.688720703125,240.12833908393011,237.76321688080097,237.8335440155721,69678400
2018-05-31,238.22039794921875,239.5832041259748,237.62252342213708,239.28426686243395,93519900
2018-06-01,240.5592041015625,240.85814140644496,239.44255614536561,239.51291011838438,71258400
2018-06-04,241.7022247314453,241.9572109520894,241.13952705354075,241.37691136313123,45385200
2018-06-05,241.87808227539062,242.25614771160622,241.06917250210526,241.83410433004235,51135000
2018-06-06,243.90036010742188,244.00586426364794,241.8693246035115,242.4848012910785,62732200
2018-06-07,243.8739471435547,244.67405598337328,242.96833416348434,244.383919597681,72969400
2018-06-08,244.59487915039062,244.64763121000732,243.24964796581133,243.41670509865648,72139700
2018-06-11,244.92018127441406,245.63236087888467,244.70037209199285,244.81467715999997,58892500
2018-06-12,245.23672485351562,245.59718830684466,244.59487236973686,245.33342801607316,72329000
2018-06-13,244.45419311523438,245.72909713866116,244.25195900266613,245.47411096754055,79070600
2018-06-14,245.0697021484375,245.59722280407743,244.48060164006642,245.31588739846273,77097600
2018-06-15,244.75704956054688,245.09266415404826,243.18498142730266,244.28896261504903,120041600
2018-06-18,244.25364685058594,244.37730569060352,242.8317319063907,243.30863241102696,52917600
2018-06-19,243.31752014160156,243.5383164393707,241.57764423707374,241.99274235498666,97531500
2018-06-20,243.73251342773438,244.39490203614187,243.39689888704874,243.99745809003278,53785500
2018-06-21,242.20462036132812,243.74138042789414,241.71003896943648,243.7236994800423,71061400
2018-06-22,242.6462860107422,243.57364661478138,242.42548971730514,243.4588282297665,54898500
2018-06-25,239.3431396484375,241.65708008095126,237.66509350638052,241.498113246504,137854200
2018-06-26,239.8730010986328,240.72085097412534,239.15762355483264,239.9083360379713,68547400
2018-06-27,237.88584899902344,241.877834889569,237.73569571266233,240.45592019287784,105110700
2018-06-28,239.24598693847656,240.0055130673899,237.12632147068877,237.83288561084004,76650500
2018-06-29,239.5903778076172,241.69236199968046,239.47555946815228,240.33224982493448,97592500
2018-07-02,240.1025848388672,240.26157857235333,237.7886451868495,238.02712231074938,63554800
2018-07-03,239.25477600097656,241.09181562490116,238.8308645128888,240.99465127377218,42187100
2018-07-05,241.20663452148438,241.26846393810172,239.3077922241397,240.37646544509775,56925900
2018-07-06,243.24685668945312,243.61777934495436,240.85340561738371,241.233195701577,66493700
2018-07-09,245.4371337890625,245.49012273882505,244.20068004015275,244.24482851406478,50550400
2018-07-10,246.32020568847656,246.41737002016808,245.59598777098682,245.88745381340343,51966800
2018-07-11,244.51858520507812,245.5607639850236,244.21830554057422,244.77471640082183,77054700
2018-07-12,246.73541259765625,246.78840154648117,245.1721847019817,245.77274409044392,60124700
2018-07-13,246.9297637939453,247.23004354824909,246.10840797017244,246.5588410779657,48216000
2018-07-16,246.70887756347656,247.1151350885674,246.26728509408838,246.97384921670871,48201000
2018-07-17,247.7068328857422,248.09543633975994,245.88747442041353,245.94046335026505,52315500
2018-07-18,248.22792053222656,248.3338983969964,247.34473572226273,247.78632812724464,44593500
2018-07-19,247.2917938232422,247.9453420820646,246.8148663884079,247.56557901019033,61412100
2018-07-20,247.0091552734375,247.71571939052308,246.85018845434266,247.0886386829849,82337700
2018-07-23,247.4684600830078,247.67157539339786,246.46161619567616,246.80607130007968,47047600
2018-07-24,248.71365356445312,249.55268988856145,247.84814972764727,248.87264730926248,68026900
2018-07-25,250.8334197998047,251.15135351236918,248.42231466883828,248.46646314469285,78882900
2018-07-26,250.2416229248047,250.92166563993814,250.02082668516405,250.11799104599223,57919500
2018-07-27,248.5459442138672,250.66558290567048,247.6274242314407,250.56841853650917,76768700
2018-07-30,247.24769592285156,248.784429473909,246.7265929609436,248.62546261400763,63742500
2018-07-31,248.4664764404297,249.07587637479276,247.62746668559606,248.00722984681568,68570500
2018-08-01,248.05133056640625,249.1729927860263,247.4066227546677,248.66957085844885,53853300
2018-08-02,249.40257263183594,249.5703529500938,246.54987597886742,246.75301818910185,63426400
2018-08-03,250.4713134765625,250.5243024292527,249.3496510883855,249.52629889913408,53935400
2018-08-06,251.38978576660156,251.69887894761843,250.1179972385704,250.50660078617253,39400900
2018-08-07,252.21994018554688,252.5997301890738,251.91966054398182,252.05215984547485,43196600
2018-08-08,252.11398315429688,252.5114271863113,251.65473665616224,252.05218068817663,42114600
2018-08-09,251.76956176757812,252.564422900246,251.63708940424485,252.17581933268963,35717000
2018-08-10,250.08261108398438,250.87747201307602,249.37604707272203,250.3387422226083,77076000
2018-08-13,249.14642333984375,250.9657817684434,248.85495727888443,250.35638213479345,65732900
2018-08-14,250.73629760742188,250.97477488464227,249.48218959328713,249.87079327581012,43842000
2018-08-15,248.8638458251953,249.53507498964103,247.43309056638404,249.39376216803853,102925400
2018-08-16,250.87747192382812,251.74300273006867,250.25923178327614,250.29456672199197,69967900
2018-08-17,251.76075744628906,252.20235002259318,250.2681723821674,250.67443000561906,65618500
2018-08-20,252.29946899414062,252.56441371116773,251.76071213262946,252.21114510424258,39807500
2018-08-21,252.89114379882812,253.74783417155695,252.33473303731756,252.8116603975641,67272000
2018-08-22,252.74102783203125,253.262103674568,252.21992503683106,252.48489667123744,44993300
2018-08-23,252.40548706054688,253.42114457438598,252.0875263968322,252.56445391606854,49204900
2018-08-24,253.9244842529297,254.06579706291785,252.92648106234387,252.97946999700662,57487400
2018-08-27,255.92933654785156,256.0353144305907,254.95782770163285,255.11679452574154,57072400
2018-08-28,256.0530700683594,256.4946626770259,255.59379650563497,256.3886578106999,46943500
2018-08-29,257.43072509765625,257.6603348266685,256.0264644460227,256.2649146482262,61485500
2018-08-30,256.3885498046875,257.32472358447484,255.79683105183867,256.95380104294685,61229500
2018-08-31,256.39739990234375,256.8389923415614,255.4965610292986,255.9823019313726,66140800
2018-09-04,255.95578002929688,256.3090485522743,254.95777691120668,255.9822744947037,57594400
2018-09-05,255.26693725585938,255.805694074358,254.2601204588702,255.6025518390774,72452400
2018-09-06,254.49847412109375,255.67309776400583,253.4739767646602,255.37281823839413,65909900
2018-09-07,254.00396728515625,254.97547600699644,253.21791983436566,253.4563969926634,73524800
2018-09-10,254.4456024169922,255.27579846839774,254.25130064001073,255.0108267983319,50210900
2018-09-11,255.2845916748047,255.72618413710512,253.45641936490634,253.8008474701149,50530500
2018-09-12,255.3464813232422,255.9470407450004,254.56046057031446,255.29349237147946,59810800
2018-09-13,256.856689453125,257.0421777146509,256.1236577401461,256.4062834173273,51034200
2018-09-14,256.90087890625,257.2453070700821,256.12367172789,257.0598457510956,55079900
2018-09-17,255.54071044921875,256.8831417665093,255.26692529209149,256.8478337771574,68244000
2018-09-18,256.92730712890625,257.51902588302914,255.7261617213501,255.75265618865916,61930400
2018-09-19,257.2011413574219,257.6162393929191,256.8566862640088,256.9803451034907,49080600
2018-09-20,259.2854919433594,259.60345262190367,257.2188418671755,258.4553226749146,100360600
2018-09-21,259.0486145019531,260.1398595873573,258.8889280235084,260.0245214391419,105479700
2018-09-24,258.18792724609375,258.613784734562,257.6112638442955,258.4718322384059,53409600
2018-09-25,257.9483642578125,258.74682325502715,257.70883468104813,258.64036566535407,44370000
2018-09-26,257.1766357421875,259.27037481660574,256.75965861130874,258.0904332322394,79739700
2018-09-27,257.8952941894531,258.97765880840194,257.37185933495834,257.64688396910503,59249500
2018-09-28,257.9219055175781,258.41872595233053,257.2387841884643,257.27425202331585,70091400
2018-10-01,258.8179016113281,259.88250494708444,258.1525143734769,259.1550084024449,62078900
2018-10-02,258.66705322265625,259.37678873765856,258.2944515534161,258.66705322265625,47258200
2018-10-03,258.8089904785156,260.1308843039914,258.45412274194115,259.7139072679814,64694600
2018-10-04,256.7862548828125,258.38317348526033,255.20707019384005,258.3299446701572,111545900
2018-10-05,255.34902954101562,257.5226117482122,253.92953125946568,257.00805749692273,105951700
2018-10-08,255.34902954101562,255.70389734273365,253.29075838650212,254.66588127116367,87742200
2018-10-09,254.97637939453125,256.2716589459179,254.41744979316786,254.96752597563736,74339000
2018-10-10,246.90293884277344,254.5415961004776,246.5303372641544,254.47060632143828,214731000
2018-10-11,241.4645538330078,247.43527673052884,239.8587280613377,245.8205975416623,274840500
2018-10-12,244.818115234375,245.82948959193328,241.64198550916652,245.54558458555246,183186500
2018-10-15,243.4429931640625,245.78516911999583,243.35426945518478,244.46324812946958,102263700
2018-10-16,248.76605224609375,249.13868093575914,244.92456262659408,245.39476842862987,118255800
2018-10-17,248.8105010986328,249.43151299855074,246.2465290481367,248.80162060409677,110626000
2018-10-18,245.21737670898438,248.47335024410975,243.9487115121267,247.87892571901244,134557500
2018-10-19,245.0843963623047,247.79029470493688,244.3923944437986,245.86512202927295,139901600
2018-10-22,243.98414611816406,246.06900400105394,243.4518310327724,245.74963119462092,82415800
2018-10-23,242.74212646484375,243.8599857033554,238.30621148621196,240.38224352192685,146352700
2018-10-24,235.3873748779297,242.87520076291182,234.8373258087181,242.4936915369687,177806700
2018-10-25,239.61032104492188,241.14515705075235,236.19468889139034,237.21494370639343,138061500
2018-10-26,235.39620971679688,240.42654830451053,232.69919339194146,235.91967141520024,201574600
2018-10-29,234.09210205078125,239.76121462650954,230.53451649985132,238.47478839901248,160749100
2018-10-30,237.5609588623047,237.87147829678315,233.4355637318732,233.9235305788176,157116000
2018-10-31,240.0983428955078,242.40502414189297,239.64587089544221,240.11607680886604,128296300
2018-11-01,242.65341186523438,242.84859319283507,239.8765249621915,240.95888921985446,99495000
2018-11-02,241.2161407470703,244.17932800415684,239.17560409391263,243.75347051987967,122634100
2018-11-05,242.54696655273438,243.09701566533533,240.73710570266368,241.70413189653885,65622500
2018-11-06,244.08180236816406,244.24148882315635,242.42277435593846,242.4848836688839,60085900
2018-11-07,249.30723571777344,249.38707891710627,245.82058689889206,246.2464443700029,102752100
2018-11-08,248.8548126220703,249.49358541660058,247.71921955120257,248.50879828247398,65584900
2018-11-09,246.4238739013672,247.73688696151027,245.02211008216875,247.55058617656215,98812600
2018-11-12,241.81951904296875,246.15783059184582,241.30493765127557,245.91830088689426,99673600
2018-11-13,241.3670196533203,244.2680984947957,240.64840354511375,242.2808171165137,98176600
2018-11-14,239.71678161621094,243.62923358312997,238.164211857232,243.2300176041933,125335900
2018-11-15,242.2186279296875,242.6799802937069,236.88667794094542,238.4569816827742,135101400
2018-11-16,242.84860229492188,243.75351917061937,240.61288389957744,241.12746518011798,126668000
2018-11-19,238.740966796875,242.538109209669,237.82716932830735,242.2453236381277,103061700
2018-11-20,234.32273864746094,236.8778296815921,233.4621701682525,235.42283675811683,136021300
2018-11-21,235.12123107910156,237.01093521845814,235.11237765980002,235.86646155700558,75563700
2018-11-23,233.5508575439453,234.94374095105476,233.39117114781865,233.48874825389538,42807900
2018-11-26,237.32142639160156,237.5432221172012,235.40510807345996,235.79547071648918,79981400
2018-11-27,238.1199493408203,238.1199493408203,235.6890762013248,236.29235423855013,75502400
2018-11-28,243.60267639160156,243.60267639160156,238.0577830930989,239.1845227391462,127629600
2018-11-29,243.0703887939453,244.4632454166376,241.69523900828753,242.8308320751664,82346400
2018-11-30,244.55194091796875,245.11087043108694,242.60015494280998,242.91952776477967,98204200
2018-12-03,247.79017639160156,248.766083009342,246.20213847352844,248.65962539189283,103176300
2018-12-04,239.76123046875,247.39101047029547,239.45071097180096,246.96515283950714,177986000
2018-12-06,239.39743041992188,239.51276852883728,232.83228237669715,235.91968861471403,204185400
2018-12-07,233.8348388671875,240.62178366519305,233.00088464890422,239.06033286080262,161018900
2018-12-10,234.27838134765625,235.24540740375193,229.44322399250612,233.65734252371468,151445900
2018-12-11,234.33163452148438,237.64969005669067,232.86778808387422,237.46338922000294,121504400
2018-12-12,235.51161193847656,238.65224761061933,235.43176871054226,237.29485858637878,97976700
2018-12-13,235.4318084716797,237.31263257980908,234.3228294386144,236.45206376716308,96662700
2018-12-14,231.08457946777344,234.24294908760876,230.53453028646314,233.29365668777106,116961100
2018-12-17,226.551025390625,231.24421696494525,224.92747906269102,230.13523834236764,165492300
2018-12-18,226.30262756347656,228.84885182471092,224.7056955526917,228.18346461499536,134515100
2018-12-19,222.91358947753906,230.13525835424576,221.21908028326692,226.38247815956686,214992800
2018-12-20,219.28506469726562,223.233027135777,217.04935929605315,221.67158961440535,252053400
2018-12-21,214.79197692871094,222.8321839675242,214.14947386453696,220.18186223190455,255345600
2018-12-24,209.1165313720703,214.91689612055552,209.05407298607153,213.31063854385062,147311600
2018-12-26,219.68212890625,219.68212890625,208.5989713794765,210.57110150476595,218485400
2018-12-27,221.3687286376953,221.56503617697558,213.23929261778002,216.46072697864727,186267300
2018-12-28,221.0831298828125,224.3402522831674,219.9230542277577,222.7161572592034,153100200
2018-12-31,223.01953125,223.26047325832633,220.83324293788365,222.69827977769467,144299400
2019-01-02,223.25161743164062,224.1707648723314,219.47692155048017,219.50369138098247,126925200
2019-01-03,217.9241485595703,221.81485489677348,217.44226452889308,221.51144088559573,144140700
2019-01-04,225.22369384765625,225.866196858448,220.56555382761132,220.94034498117475,142628800
2019-01-07,226.99951171875,228.40051582840488,224.59905087670086,225.49141469210105,103139100
2019-01-08,229.13226318359375,229.6141473029635,226.6604250449765,229.17689771717087,102512600
2019-01-09,230.20309448242188,231.04191864728134,228.61468798077402,229.83722205027829,95006600
2019-01-10,231.01516723632812,231.26502803517397,227.99897294347033,228.67717821153101,96823900
2019-01-11,231.10438537597656,231.1311552005087,229.36426508304245,229.94429610309322,73858100
2019-01-14,229.69444274902344,230.4975647437102,228.81101127814628,229.2125586590983,70908200
2019-01-15,232.32688903808594,232.63922177197418,230.06027767055164,230.06921002182162,85208300
2019-01-16,232.88916015625,233.77259177760342,232.5500574882755,232.75528377367993,77636700
2019-01-17,234.65602111816406,235.51271013402146,231.97892921738054,232.02356375539918,96118400
2019-01-18,237.779296875,238.24334357044071,234.69172515029445,236.45861562252975,127900300
2019-01-22,234.5667724609375,236.52998402426385,232.9605282602423,236.31582539291418,115531200
2019-01-23,235.0575714111328,236.2890379149848,232.60357075666337,235.5929951823012,86030300
2019-01-24,235.18247985839844,235.76253814239962,233.87070392027388,234.8790794198042,59204100
2019-01-25,237.17247009277344,237.99345684187594,235.28066303115364,237.0207562512884,96883400
2019-01-28,235.3699188232422,235.43236360140682,233.611960792339,235.0397485264834,85613700
2019-01-29,235.0575714111328,236.0748520668469,234.22767954385318,235.51268570154357,66136300
2019-01-30,238.7787322998047,239.61755658630298,235.8071723468849,236.56568714630822,92473700
2019-01-31,240.8757781982422,241.3576623238347,238.50208698383028,238.7162728356407,104012100
2019-02-01,240.99171447753906,242.00902206526078,240.2064301430401,241.07202393455245,85782500
2019-02-04,242.68719482421875,242.74966681151696,240.36704403875927,241.036316732674,60744800
2019-02-05,243.7045440673828,244.00794447257655,242.6158592097911,243.11558072808432,79552800
2019-02-06,243.38327026367188,243.91869393779575,242.65155271624124,243.42790478897015,58347800
2019-02-07,241.06312561035156,242.32133437179587,239.4122474378154,241.777005625773,95482000
2019-02-08,241.35760498046875,241.45575191327555,239.0017517997669,239.82273836561768,75788900
2019-02-11,241.49143981933594,242.26779181577442,240.96494854856473,242.00902597214602,68021400
2019-02-12,244.59689331054688,244.97167081065734,243.02632449886462,243.09772884454762,72270200
2019-02-13,245.39117431640625,246.22999867783255,245.00746432184434,245.4268765025575,65277200
2019-02-14,244.84677124023438,245.97115828504187,243.49929325687182,244.31134754114603,83234400
2019-02-15,247.51499938964844,247.55070157498298,246.40847673937103,246.61370303127129,97088700
2019-02-19,247.9432830810547,248.5946912150516,246.7118167006475,246.72074905298658,59120800
2019-02-20,248.4430389404297,248.89815324808566,247.40789353902292,247.90761514897304,76610800
2019-02-21,247.5596160888672,248.16641703188387,246.60478013769355,247.8094769026262,64214700
2019-02-22,249.09446716308594,249.2907610737079,247.54173548967697,248.175306220895,78114600
2019-02-25,249.4335174560547,251.03085626968215,249.35320798266986,250.51329725249707,69030700
2019-02-26,249.25511169433594,250.12961095966432,248.88030684291857,249.08556036069322,56844100
2019-02-27,249.14804077148438,249.49604857194083,247.6131735955296,248.54121255193894,56921600
2019-02-28,248.68394470214844,249.37108227772507,248.36270679625503,248.93380548432643,69268300
2019-03-01,250.2366485595703,250.64712824922503,248.80886114837762,250.25448603032754,78880500
2019-03-04,249.32643127441406,251.53057087017055,247.0419822074901,251.28964245666796,106494600
2019-03-05,248.98733520507812,249.64770292882656,248.44300636420704,249.45138180546053,59114600
2019-03-06,247.479248046875,249.1122890999003,247.15801014103693,249.10335674714386,75039800
2019-03-07,245.40895080566406,247.1758135095553,244.5701267457803,247.03303204906666,94885100
2019-03-08,244.91819763183594,245.08774895787133,243.09779481459196,243.56181425633898,85795800
2019-03-11,248.46978759765625,248.63040655157224,245.60530732168948,245.63207714734213,65098900
2019-03-12,249.40676879882812,249.92435509272266,248.8356700842505,249.02305887138553,79667500
2019-03-13,251.05763244628906,251.985698439076,250.12956645350215,250.29021263711815,80639200
2019-03-14,250.8970489501953,251.50384989428085,250.45979933354343,251.08443775264809,67518400
2019-03-15,252.1366729736328,252.94333277501042,251.25829427499124,251.4465358657505,81309000
2019-03-18,253.05075073242188,253.34654316082592,252.1275687228912,252.35164229173583,62199800
2019-03-19,253.113525390625,254.87025470242583,252.22620271448926,254.10842636778548,90268100
2019-03-20,252.3516387939453,254.09942354780006,251.24921435625774,252.8983925177677,84609200
2019-03-21,255.20201110839844,255.60532732965868,251.49133775633575,251.53616890497227,79550400
2019-03-22,250.29022216796875,254.36835092558272,250.22747499256286,253.84851218600596,122659300
2019-03-25,250.1019287109375,251.132661518811,248.8471223642773,249.94954666936272,85575200
2019-03-26,251.96624755859375,252.91631732203692,250.5680306481403,251.8497249239341,68125900
2019-03-27,250.64865112304688,252.53984598444956,249.10702410603068,251.95723291047207,72224700
2019-03-28,251.59878540039062,252.04693258620367,250.12887685434526,251.27613255591731,56238500
2019-03-29,253.18527221679688,253.50792509730042,251.9842409070283,253.10460899667098,82186800
2019-04-01,256.18780517578125,256.4835976324492,254.90611080417543,255.17501552412202,77617900
2019-04-02,256.31329345703125,256.54633873826305,255.5245500615383,256.3760406254756,40070400
2019-04-03,256.71661376953125,257.91764479459835,256.1160845806326,257.52327313231007,68243200
2019-04-04,257.3978271484375,257.64878849405113,256.3491779856979,257.03931484795163,48997500
2019-04-05,258.6436462402344,258.69742170866954,257.77423969689164,258.0610604303663,58621700
2019-04-08,258.8408203125,258.94837124448276,257.56807046100243,258.2223751008699,53566300
2019-04-09,257.51434326171875,258.20448010644867,256.9676168040888,257.8818272500247,66142300
2019-04-10,258.3927917480469,258.4824266834013,257.51441314596076,257.9267010253007,52601500
2019-04-11,258.32098388671875,258.88565369694953,257.7563140764879,258.8766820006816,55093100
2019-04-12,260.06878662109375,260.3466356971258,258.36583273010336,259.9253762346362,69727800
2019-04-15,259.8985290527344,260.2391253546279,259.10081378222185,260.14051873172986,49596700
2019-04-16,260.06878662109375,260.83064233232835,259.47722903423164,260.7768668564986,52153200
2019-04-17,259.43243408203125,261.2070795502625,259.020118949662,261.1801918114328,58268300
2019-04-18,259.94342041015625,260.2123252745915,258.7244725535097,260.0151393151048,68708500
2019-04-22,260.1673889160156,260.3197710128511,259.091851951437,259.18148687000274,40160100
2019-04-23,262.5068054199219,262.73985080306267,260.30192803851355,260.5349460689099,52246600
2019-04-24,261.9241027832031,262.7576499482489,261.7806924075933,262.4260254214715,50392900
2019-04-25,261.7628173828125,262.41712226378763,260.5797293423119,261.82556456716753,57770900
2019-04-26,262.981689453125,263.05338095527367,261.0367189673241,261.8075462172482,50916400
2019-04-29,263.3939514160156,263.913817328566,262.98166377527735,263.0712986587577,57197700
2019-04-30,263.5284729003906,263.81529367659437,261.64627651929874,263.0534379566247,81111700
2019-05-01,261.5477294921875,264.36210771343445,261.53875779315774,264.15595010493684,71671900
2019-05-02,260.98297119140625,262.3453560513314,259.4951193512274,261.4311183473855,65030200
2019-05-03,263.5375671386719,263.8154163470856,261.09067241165184,262.4530580557425,56543700
2019-05-06,262.4529113769531,262.89208684427564,258.9394255801766,259.2531340651493,107198100
2019-05-07,258.0700988769531,260.6514317140308,256.1699586920878,260.0598739928055,144729900
2019-05-08,257.71148681640625,259.41444043545084,257.11992932401034,257.71148681640625,91568300
2019-05-09,256.9317321777344,257.53223405255756,253.92016904937915,255.6500378691589,103471100
2019-05-10,258.22247314453125,258.9753573069999,253.0239481854764,255.99965274623816,112429300
2019-05-13,251.73321533203125,254.0904738238759,250.8996681600601,253.1314596676614,127290500
2019-05-14,254.00985717773438,255.5335687769172,252.62061163645527,252.74607864369779,77003200
2019-05-15,255.4977569580078,256.1341185162251,252.18145573121285,252.38761335271656,73956400
2019-05-16,257.864013671875,259.2174001610713,256.12519964737555,256.1968911930451,76749600
2019-05-17,256.1968994140625,258.6706817865958,255.55156607134714,255.56950947289934,100353000
2019-05-20,254.50282287597656,256.3043561408425,253.75888315659202,254.60140213727013,62877600
2019-05-21,256.7973327636719,257.1737611168127,255.93687039387783,256.1878317468838,46847100
2019-05-22,256.008544921875,256.9586146903073,255.53351003765886,255.8472185127596,49482500
2019-05-23,252.8805389404297,253.83955325059122,251.4733500353622,253.7947494674691,98733800
2019-05-24,253.45420837402344,254.72695885411594,252.83576285695116,254.31464360757246,55268100
2019-05-28,251.09690856933594,254.6820867101874,251.07899252561756,253.73201669108084,70029400
2019-05-29,249.41188049316406,250.38883829349157,248.0136631502421,249.9855221480754,104972900
2019-05-30,250.0929412841797,250.998207076804,248.99946138957785,250.16463277688177,62523800
2019-05-31,246.72299194335938,248.38114233820747,246.69610420085868,247.5565666663596,86862800
2019-06-03,246.09555053710938,247.8701958753177,244.76902502898528,246.75879961480473,96428000
2019-06-04,251.43748474121094,251.57192344018316,247.93297010674164,248.38111733847322,77231900
2019-06-05,253.61544799804688,253.64233573511405,251.2492450779357,253.0507781669029,71169700
2019-06-06,255.26466369628906,255.93688457402095,253.2659444589183,253.91127759565043,69430400
2019-06-07,257.8190612792969,258.8946254277593,256.10713580857265,256.2774339212914,74272200
2019-06-10,259.00225830078125,260.66040882386903,258.9126233679336,259.36077067943074,60799100
2019-06-11,258.939453125,261.1801891806901,258.29412004685184,260.8127051852287,58641300
2019-06-12,258.48236083984375,259.26213260858515,257.97146645593216,258.70643444478026,47096300
2019-06-13,259.5489196777344,259.90745931903905,258.68848471461854,259.3875932507878,48945200
2019-06-14,259.26214599609375,259.8626479708,258.5002902294228,259.26214599609375,52324700
2019-06-17,259.3607482910156,260.1226041253445,259.1904501391278,259.4951870023116,39205700
2019-06-18,262.0764465332031,263.12512289413803,260.81266829422253,261.1712078946069,85434800
2019-06-19,262.6679992675781,263.19680960996527,261.2428946460134,262.21088043232373,78674400
2019-06-20,265.1776428222656,265.5809862354007,262.73077666429657,265.33899659915994,116570000
2019-06-21,264.7922058105469,266.1611896327849,264.57605770329127,264.9092951972342,83309500
2019-06-24,264.468017578125,265.31460693540845,264.31489432532715,264.9994000671468,47582700
2019-06-25,261.8740539550781,264.5489962916945,261.7659799189752,264.5219777826687,82028700
2019-06-26,261.61297607421875,263.2701761840348,261.5049019888059,262.76581212825516,51584900
2019-06-27,262.54058837890625,263.04495231895413,261.99120274219365,262.36946195434285,40355200
2019-06-28,263.8914489746094,264.38679735551335,262.99981089467786,263.5131624488974,59350900
2019-07-01,266.2872314453125,267.4220637118567,265.0893468337903,267.2058881698985,78705600
2019-07-02,266.980712890625,267.0347499022663,265.40456925097106,266.24217041717526,61504500
2019-07-03,269.1153564453125,269.133387113011,267.51219370925975,267.6563016219781,40898900
2019-07-05,268.80914306640625,268.97128165021803,266.6025576032776,267.890486025087,51677300
2019-07-08,267.33203125,268.6289747449363,266.7916335461484,267.5031576476492,45841800
2019-07-09,267.665283203125,267.96248683915957,266.12517302667766,266.17921005141125,41101300
2019-07-10,268.9441833496094,269.8898862091427,268.1966528857291,268.7280352609248,58448500
2019-07-11,269.5747375488281,269.81790422583634,268.5750248353498,269.5837528839766,50826100
2019-07-12,270.7815246582031,270.85359234497,269.7547937508127,270.06101270514915,40326000
2019-07-15,270.8715515136719,271.2138042557839,270.3671877313272,271.2138042557839,33900000
2019-07-16,269.9978332519531,270.988557335356,269.6916144417661,270.78139719063114,36650100
2019-07-17,268.16064453125,270.1330784852856,268.16064453125,269.9709674033634,36036300
2019-07-18,269.14239501953125,269.5206817543314,267.22402528507104,267.66533690419124,51392600
2019-07-19,267.6473083496094,270.25919893598274,267.4761819245853,270.2321804207565,58678600
2019-07-22,268.3047180175781,268.8451157071079,267.53016906834114,268.0435207619146,43638100
2019-07-23,270.22314453125,270.22314453125,268.5929634364693,269.42157698333074,44564500
2019-07-24,271.4930114746094,271.4930114746094,269.37647011029196,269.4665409634946,47213200
2019-07-25,270.1960754394531,271.09672902425126,269.394480555815,271.0426920080247,55394100
2019-07-26,272.0064392089844,272.20458412713305,270.7545173430064,270.8806220571784,45084100
2019-07-29,271.51104736328125,272.0064233726971,270.961661818355,271.88933399800305,38126500
2019-07-30,270.8446350097656,271.24994024875394,269.7368208460993,270.1151075682067,45849000
2019-07-31,267.8814697265625,271.2769523537297,265.8730292190799,271.0877952542594,104245200
2019-08-01,265.5487976074219,270.9797396278574,264.75621776268565,268.0346112139535,142646600
2019-08-02,263.54925537109375,264.90023578819864,262.0001300600495,264.65706920799585,116749700
2019-08-05,255.62359619140625,259.5774525151134,253.73221750649435,259.46937844496574,178745400
2019-08-06,259.20806884765625,259.42424438009544,256.03777839144124,257.50584800856024,120711700
2019-08-07,259.3612976074219,260.12685889869357,254.02042672269945,256.1459566755456,140572300
2019-08-08,264.4499206542969,264.4499206542969,260.29792051564283,260.8473060496784,87713900
2019-08-09,262.64862060546875,264.10767516291054,260.87433176426345,263.51324043844005,93730000
2019-08-12,259.4512939453125,262.6395879585057,258.50559115636844,261.1535149881845,65527600
2019-08-13,263.4861755371094,264.9272266621899,258.8117815826576,259.1540343170127,94299800
2019-08-14,255.69557189941406,260.0547323721658,255.56949467797537,259.45130980415513,135622100
2019-08-15,256.3711242675781,257.2627903089228,254.33566516669413,256.5782845571381,99556600
2019-08-16,260.15380859375,260.58610474870034,256.4250893426971,258.01926387137956,83018300
2019-08-19,263.2881164550781,263.96360681327474,262.48654885595346,263.16203921415007,53571800
2019-08-20,261.2707214355469,263.31519616663,261.1446441653174,262.783813592977,51596400
2019-08-21,263.39617919921875,263.7654230198255,262.73869211921766,263.4231977101356,49524700
2019-08-22,263.315185546875,264.7292188982226,261.5499114344017,264.09877760094275,51666400
2019-08-23,256.5512390136719,263.6754138307136,255.30833237879608,262.0182141461367,149161500
2019-08-26,259.38824462890625,259.38824462890625,257.208650757384,258.73075758618586,72423800
2019-08-27,258.3705749511719,261.1446043021233,257.614028987942,260.77533291189644,66668900
2019-08-28,260.18988037109375,260.35199145283605,256.91148746063425,257.71308250775724,59696700
2019-08-29,263.51324462890625,264.03563916134016,261.7389557594857,262.7386956483744,57899400
2019-08-30,263.39617919921875,265.00832949353685,262.46850701004956,264.99032631484863,62901200
2019-09-03,261.85601806640625,262.61256378979675,260.5320561790313,261.70292234690453,69101400
2019-09-04,264.8282165527344,264.8462197315112,263.2700757868123,264.01763373547163,46887300
2019-09-05,268.2326965332031,269.1423380968448,264.792192738452,267.30502430433256,83258100
2019-09-06,268.439697265625,269.0791808797769,267.87230879115845,268.54779874651814,49584300
2019-09-09,268.574951171875,269.511611253967,267.63826360401265,269.42156787029035,51260300
2019-09-10,268.51190185546875,268.57495421337273,266.5664864936177,267.81838089006624,57947100
2019-09-11,270.42132568359375,270.5023812339653,268.16969099846807,268.8181628872153,68821100
2019-09-12,271.3579406738281,272.4116900319859,270.56536107938297,271.32190683250764,72908700
2019-09-13,271.1778564453125,272.15057796681884,270.8085850793493,271.7993097824489,62104800
2019-09-16,270.3402404785156,271.22289107314236,269.70078399410147,270.0520246738491,58191200
2019-09-17,271.0247497558594,271.11479314596744,269.97097273102594,270.1420991494671,41475500
2019-09-18,271.1869201660156,271.29499424640557,268.61103547834966,270.63750694299574,73375800
2019-09-19,271.16876220703125,272.56479171883785,270.83552478699335,271.5740673040189,76560500
2019-09-20,269.8875732421875,272.05008918733927,269.1003904881604,271.76957180280993,89565000
2019-09-23,269.82421875,270.53902859724644,268.97369250459167,269.2270389853923,43476800
2019-09-24,267.7070617675781,271.2991710708117,266.74796203940343,270.91010804409495,94869400
2019-09-25,269.2904052734375,269.73375474914366,266.31356316285877,267.78841257718466,71854000
2019-09-26,268.7295227050781,269.507648809653,267.32707327813137,269.2995594440009,56179700
2019-09-27,267.28173828125,269.5890278573318,265.7345158777197,269.48042710932464,84746600
2019-09-30,268.5213317871094,269.2270847903198,267.75226286244816,267.7974924652988,51662400
2019-10-01,265.3272399902344,270.050362902385,265.1100938006562,269.39889672096115,88242400
2019-10-02,260.6404113769531,263.7620270421523,259.35559247468234,263.7529700767548,122539500
2019-10-03,262.77581787109375,262.80296115805885,257.70885927355687,260.4142414543203,85278800
2019-10-04,266.3316955566406,266.5850420764219,263.37293955799163,263.42725373830876,65091200
2019-10-07,265.18255615234375,267.1550692865488,264.9020663585836,265.5354464421896,59610500
2019-10-08,261.06573486328125,264.06972112299644,261.0295346060289,263.33682468669383,95708100
2019-10-09,263.5448303222656,264.47678645836174,262.4500144993249,263.0743375782598,62359400
2019-10-10,265.3272399902344,266.20490932336526,263.30046858699984,263.46332822918345,55296300
2019-10-11,268.0779724121094,270.3038044768641,267.9513129611668,268.06891544679235,98720400
2019-10-14,267.7794189453125,268.4308854111592,267.4355855865738,267.7613050131464,40394800
2019-10-15,270.4305114746094,271.1724647551186,268.7023153463166,268.8199454533121,46754500
2019-10-16,269.9962158203125,270.68388259277367,269.5619232168243,269.9690725325945,48928200
2019-10-17,270.7924499511719,271.66106275227156,270.1047831934205,271.1543696505715,45736600
2019-10-18,269.60711669921875,270.9009925949094,268.7565903144165,270.2585831298609,64304000
2019-10-21,271.43475341796875,271.63381331675583,270.484711126712,270.9190311638909,39048600
2019-10-22,270.5482177734375,272.25830045135484,270.4577309262118,271.96875358531616,48594700
2019-10-23,271.3352966308594,271.38958319579564,270.0866504119283,270.29476731931624,34352200
2019-10-24,271.77862548828125,272.4120055147308,270.95524249897534,272.2672321483224,35453100
2019-10-25,272.8916320800781,273.4345254538607,271.15437880651467,271.2086653826225,45205400
2019-10-28,274.42974853515625,274.92741221048794,274.0768858537456,274.10402913693105,42147000
2019-10-29,274.34832763671875,275.27125452053383,274.0316375807567,274.15832464822154,44284900
2019-10-30,275.1897888183594,275.56073778143866,273.2444191334657,274.54735182453754,49643900
2019-10-31,274.4569396972656,275.180806729654,273.00926085789666,275.180806729654,69053800
2019-11-01,276.99945068359375,277.04468028616344,275.7326904592425,275.8955777764334,71141500
2019-11-04,278.1123352050781,278.68237174713806,277.74135860448837,278.5466553353853,60606900
2019-11-05,277.80474853515625,278.61004540055967,277.51520173325594,278.31144163213037,42933200
2019-11-06,277.8680419921875,278.1394748121064,276.9270288619723,277.80469846330715,46487100
2019-11-07,278.8453063964844,280.1753828145905,278.37481350503737,279.19819677459884,54272300
2019-11-08,279.5329284667969,279.5872150373997,277.804732335404,278.50142839994095,49032100
2019-11-11,278.99896240234375,279.1708790002259,278.0217493604149,278.15749333651326,35797300
2019-11-12,279.58721923828125,280.4829752793879,278.8181226595838,279.36101598647036,46484600
2019-11-13,279.6776428222656,280.0757626644481,278.37471017743115,278.60091337809416,53917700
2019-11-14,280.0848693847656,280.16632685867756,278.7638500595382,279.3972302414338,51219900
2019-11-15,282.1116027832031,282.1568323800713,280.7272402441399,281.41487922509714,62023600
2019-11-18,282.31976318359375,282.55502341704454,281.4240070834595,281.87641361689356,49228000
2019-11-19,282.23828125,282.92594789001487,281.59587182260094,282.91689092495204,67804700
2019-11-20,281.188720703125,282.16593418758833,279.6414982342091,281.6501841603827,79406200
2019-11-21,280.7362976074219,281.40587795167755,279.94008542437876,281.2973048182035,54664700
2019-11-22,281.360595703125,281.6139421962558,280.35626669515204,281.47822579148874,44850200
2019-11-25,283.5412902832031,283.5412902832031,282.2836143726883,282.2836143726883,48647200
2019-11-26,284.18359375,284.3645673561452,283.26069462912875,283.5773846335351,37569000
2019-11-27,285.4504699707031,285.4504699707031,284.44611298931943,284.66325931493463,44444600
2019-11-29,284.3918151855469,285.13376858572957,284.165611901055,284.88945136634675,36592700
2019-12-02,281.9759216308594,284.7084468054774,281.55065843888804,284.64510327178596,75767800
2019-12-03,280.0848693847656,280.16632685867756,277.89523726060673,279.27054315997344,73941700
2019-12-04,281.8131103515625,282.4102903745681,280.7816376665219,281.1254710991046,49080000
2019-12-05,282.31976318359375,282.52788012954665,281.0168301582875,282.50979380878255,40709000
2019-12-06,284.89837646484375,285.2964962702909,284.2107099622181,284.21976692547145,48927000
2019-12-09,284.00274658203125,285.1789925931911,283.93034606930155,284.50943972031905,34838500
2019-12-10,283.6860046386719,284.60890391207636,283.03453820665106,283.9484081271428,52649800
2019-12-11,284.4913024902344,284.7446490140432,283.6045758505534,284.1384121824113,53429100
2019-12-12,286.9432678222656,287.72139352231665,284.2650298511851,284.50026238627146,96389600
2019-12-13,287.1152038574219,288.33670665798,285.9389306517123,286.7080270530041,81503900
2019-12-16,289.08770751953125,289.67583035344785,287.0518785933374,288.834361024335,82749700
2019-12-17,289.151123046875,289.7663893151713,289.0696931830743,289.4678131479023,61097700
2019-12-18,289.1692199707031,289.76639993984145,289.11493339284556,289.54019666119984,48133000
2019-12-19,290.3545227050781,290.42692321729913,289.1058761899618,289.3592227573256,85310500
2019-12-20,291.6274719238281,292.75494738566266,290.40906475574155,291.3819535421016,147142100
2019-12-23,292.072998046875,292.4639738562155,291.92751286814024,292.40942038274756,52990000
2019-12-24,292.08209228515625,292.3457581508804,291.78202044007725,292.30030617360654,20270000
2019-12-26,293.6368408203125,293.6459423126431,292.45481225232305,292.4638859962015,30911200
2019-12-27,293.5640869140625,294.4187947469577,293.036727574923,294.3642412894072,42528800
2019-12-30,291.9456481933594,293.7823740438549,291.4637407446412,293.64599037883215,49729100
2019-12-31,292.65484619140625,292.9003645160912,291.10001704503725,291.4455407994425,57077300
2020-01-02,295.3917541503906,295.40995713786896,293.26408574966416,294.18244866671154,59151200
2020-01-03,293.1548767089844,294.27327785954424,291.96374687921303,292.0183003257333,77709700
2020-01-06,294.2734375,294.35526771417256,291.291032813915,291.4092412616516,55653900
2020-01-07,293.4459533691406,294.18245291277395,293.00039639633826,293.7096192068169,40496400
2020-01-08,295.0098876953125,296.21919321098,293.3914034289501,293.6368940302927,68296000
2020-01-09,297.01031494140625,297.0830714131627,295.9828448284393,296.5647856086365,48473300
2020-01-10,296.1555480957031,297.74675568148257,295.69184361108466,297.59219676942917,53029300
2020-01-13,298.19232177734375,298.20139552344506,296.34652203143133,296.77387604888196,47086800
2020-01-14,297.7376708984375,298.80149124864306,297.18300698847196,297.75584613787055,62832800
2020-01-15,298.4105529785156,299.1652278624306,297.56494638909675,297.64677659951207,72056600
2020-01-16,300.892822265625,300.892822265625,299.5562067752238,299.7835221460508,54050300
2020-01-17,301.8293762207031,302.0384886137536,300.8291829872231,301.602060838024,95846000
2020-01-21,301.2383117675781,302.0384662952364,300.80188402409743,300.8746127318583,77742400
2020-01-22,301.2746887207031,302.7386140999866,301.1201298116937,302.093018484724,48914900
2020-01-23,301.6202087402344,302.02938749135257,299.51981701453644,300.62911709140155,51963000
2020-01-24,298.9378356933594,302.35666715329256,297.65577389588447,302.27483696389464,87578400
2020-01-27,294.1460876464844,295.61908679865473,293.3823113360426,293.7187336425929,84062500
2020-01-28,297.2284851074219,298.1013683192747,294.23700720360983,295.5645211349526,63834000
2020-01-29,296.9830017089844,298.81062629591605,296.78296305892985,298.5833109094205,53888900
2020-01-30,297.94677734375,298.1559174611264,294.18244947017035,294.9280227504924,75491800
2020-01-31,292.53668212890625,297.4830663972043,291.6274207229464,297.3284797488705,113845600
2020-02-03,294.7098388671875,296.5647401340601,293.89150905042175,294.00971748755245,69083000
2020-02-04,299.2015686035156,300.0653780748739,297.9831615981231,298.30140865327917,62573200
2020-02-05,302.6567077636719,302.8658478554075,300.6654510138987,302.1202469180403,65951100
2020-02-06,303.67510986328125,303.8660469735678,302.6021604019457,303.6114549103678,50359700
2020-02-07,302.0566711425781,303.6842291934215,301.5111087114118,302.6204088136821,64139400
2020-02-10,304.3116760253906,304.3753309991963,301.1383618124799,301.1747400472922,42070000
2020-02-11,304.8390197753906,306.4393011485693,304.31163256555146,305.6573495767884,54864500
2020-02-12,306.8030090332031,307.01212140657594,305.90282133354975,306.2665203619199,43992700
2020-02-13,306.4756774902344,307.43949245570366,305.11178524682026,305.3845525961196,54501900
2020-02-14,306.9667053222656,307.084913763709,305.69374469991504,306.88487511244955,64582200
2020-02-18,306.17559814453125,307.03030607184627,304.7935030713638,305.97555952859676,57226200
2020-02-19,307.6395568847656,308.31240156841585,306.857605252249,307.1394741196409,48814700
2020-02-20,306.3756408691406,307.9122948602321,303.4023383220383,307.0939373986902,74163400
2020-02-21,303.22052001953125,305.3390870004765,302.40216251122024,305.0299414355744,113788200
2020-02-24,293.16412353515625,303.2932828550101,292.0911738086347,293.81879296639795,161088400
2020-02-25,284.2806091308594,295.15536915780245,283.40772583983846,294.54617947757,218913200
2020-02-26,283.2349853515625,289.2451911436134,282.5075871787762,285.67179975370436,194773800
2020-02-27,270.5144348144531,283.28954954070747,270.5144348144531,277.74304808095087,284353500
2020-02-28,269.3778076171875,270.85990822902744,259.63052370677684,262.50379323523845,384975800
2020-03-02,281.0435791015625,281.1072340538252,267.7410815013355,271.15081146386314,238703600
2020-03-03,272.9967346191406,285.3626997730892,270.5690213242109,281.4165071703707,300139100
2020-03-04,284.47149658203125,284.6897381780031,275.8062369064446,278.3430838776504,176613400
2020-03-05,275.0151672363281,280.4798365727048,272.78749368251545,277.30652348973354,186366800
2020-03-06,270.4688415527344,271.66907305303175,263.8949005253508,266.5499278155772,228667200
2020-03-09,249.3468475341797,258.4030863530408,248.63762451369897,250.3197364704086,309417300
2020-03-10,262.24920654296875,262.3401104916032,248.6830131414344,258.8121992811534,276444100
2020-03-11,249.4649658203125,256.35718336366966,246.30075363543554,255.22970801029587,255316300
2020-03-12,225.5968475341797,242.4636493556754,225.20585791580433,232.77091945781268,392220700
2020-03-13,244.88232421875,246.8463324718078,225.96968144230854,239.21761484421114,329566100
2020-03-16,218.0863800048828,233.5892777421095,215.8223138369543,219.29568561096787,297240000
2020-03-17,229.86129760742188,232.92551813203102,215.55861886674538,222.80541986754847,262070500
2020-03-18,218.2227325439453,225.83324590166254,207.3297850292438,214.81300234794617,327597100
2020-03-19,218.6864776611328,224.93311358035257,211.14870595523684,217.5408131695705,289322000
2020-03-20,209.26234436035156,223.59425218036205,208.98795912832034,221.81991016314782,347158800
2020-03-23,203.91188049316406,210.0671893215918,199.6223661157914,208.70443213492814,326025200
2020-03-24,222.38699340820312,223.25588242208778,213.8354145287145,214.40246718551117,235494500
2020-03-25,225.7161407470703,234.45980644396235,219.27730546743715,223.96009476171582,299430300
2020-03-26,238.8957061767578,240.35905717065114,227.7832066302322,228.2130736603869,257632800
2020-03-27,231.7799530029297,238.53890542815424,229.61233655257882,231.6427673880253,224341200
2020-03-30,239.30723571777344,240.02062901450944,231.88062142056566,233.8653195877224,171369500
2020-03-31,235.7403106689453,240.84381316389948,234.34096095971327,238.31035799170715,194881100
2020-04-01,225.1307830810547,235.65793147048535,223.07291481173678,226.80451761479742,189554600
2020-04-02,230.32582092285156,231.10322964168998,223.70405148881215,224.25282207748756,177660400
2020-04-03,226.9966278076172,231.688572678805,224.28024014069945,229.34716379458789,135561200
2020-04-06,242.24307250976562,244.20034711644243,226.97827601776527,235.82253410567466,188061200
2020-04-07,242.4901123046875,251.54472923812475,242.27061523602737,250.79474370469424,201427200
2020-04-08,250.63009643554688,252.43187579591768,242.5998371553158,245.0784176857371,153774500
2020-04-09,254.4440155029297,257.1878401363403,251.94712503834012,253.8769349662577,189999200
2020-04-13,252.12088012695312,253.8129107475081,248.23379557966797,253.47451020572214,114839100
2020-04-14,259.5566711425781,260.5718728557948,251.98371629741587,256.98662431123626,134143400
2020-04-15,254.04156494140625,259.6938365265299,251.9379494803532,253.86778716253068,121775000
2020-04-16,255.26715087890625,256.1177297950417,252.21236288007296,255.31287012366016,131798300
2020-04-17,262.1632080078125,262.7668246277095,258.2852517367208,261.01079318295785,146684800
2020-04-20,257.54449462890625,262.3004679707895,257.3249976139845,258.477384853948,100109300
2020-04-21,249.72457885742188,254.29761890727113,248.79166082381494,253.09948464714034,126385700
2020-04-22,255.26715087890625,257.0049008539564,253.26415671405383,254.581194737837,92951600
2020-04-23,255.24888610839844,259.69389720469235,254.94707763393185,256.53848723165555,104709700
2020-04-24,258.8065185546875,259.47419216342064,254.71822138935272,256.75780642388133,85063200
2020-04-27,262.5382385253906,263.6540615008413,260.3157475870202,260.77305162758813,77896600
2020-04-28,261.3309631347656,266.51677504774557,261.029126853578,266.16921952958876,105270000
2020-04-29,268.17218017578125,269.69958768197114,265.61128916664575,266.6356455702999,118745600
2020-04-30,265.6753845214844,268.2728683089117,263.94676172651174,266.8003346785692,122901700
2020-05-01,258.6420593261719,265.8400213562658,257.4804890548701,260.9468619298038,125180000
2020-05-04,259.3554382324219,259.6572466389891,255.2945758379468,256.7670815529989,80873200
2020-05-05,261.751708984375,264.5504076936841,259.4834707215646,262.16329381700166,79569900
2020-05-06,259.9773864746094,263.82787926465915,259.54751949484415,263.44375944285997,73632600
2020-05-07,263.114501953125,265.03518491368027,262.6114785663358,263.1785312311904,75250400
2020-05-08,267.4679870605469,267.9344461094257,265.10828260205517,266.2332605798592,76452400
2020-05-11,267.52288818359375,268.89480043068914,265.12661925786074,265.5473311983813,79514200
2020-05-12,262.19073486328125,269.11429745742555,262.0535213092714,268.70274053027424,95870800
2020-05-13,257.5537414550781,262.666399268781,255.13916178368657,261.6328872690551,144721100
2020-05-14,260.6359558105469,260.7639864719799,249.67893717466515,255.1300233129989,121977900
2020-05-15,261.83404541015625,261.87976465743145,257.3158784788834,258.25792384810507,111146300
2020-05-18,269.8095397949219,271.4101048615019,267.70595115778684,268.0260418417911,119703800
2020-05-19,267.03814697265625,270.9160766593907,267.0198648575471,269.2149188705736,95189300
2020-05-20,271.57464599609375,272.43438006323834,270.33079205906915,270.5594441426367,85861700
2020-05-21,269.6996765136719,272.2514412639975,268.6112904984,271.4465815641365,78293900
2020-05-22,270.2118835449219,270.38566135817075,268.18145196368334,269.4161787745879,63958200
2020-05-26,273.541015625,276.385461718517,270.2301383166859,276.1476546483194,88951400
2020-05-27,277.6110534667969,277.6476456136954,271.5197588989895,276.32145242701677,104817400
2020-05-28,277.0988464355469,280.63837569046694,276.4311724038547,278.63538150701766,90405200
2020-05-29,278.3336181640625,278.91895299063503,273.89776210984286,276.63243212883435,119090800
2020-06-01,279.4585876464844,280.0622325446133,277.181221644351,277.69340011943615,55758300
2020-06-02,281.7724304199219,281.818177568528,279.0469163460415,280.37308124642124,74267200
2020-06-03,285.52239990234375,286.473600307981,283.47368633170566,283.7480576450486,92567600
2020-06-04,284.7724304199219,286.2724014480952,282.68712458654153,284.54377834208793,75794400
2020-06-05,292.0709533691406,293.83614034000306,290.07711436853054,290.1411436356498,150524700
2020-06-08,295.601318359375,295.7933782251572,292.3361610829709,292.8757764564875,73641200
2020-06-09,293.3971862792969,295.6745518741366,292.089275278113,292.9490092600261,77479200
2020-06-10,291.7599792480469,294.86051405519015,291.0465860578865,293.97334309587063,95000800
2020-06-11,274.9403381347656,285.4949238306077,274.39159558292613,284.86384198436707,209243600
2020-06-12,278.2329406738281,282.68707794933687,273.1020022913101,281.9188104439579,194678900
2020-06-15,280.83050537109375,281.9554837805879,271.4008947543793,272.5715924204111,135782700
2020-06-16,286.2357482910156,288.68691925578287,281.3974914516678,288.5405786077651,137627500
2020-06-17,285.0468444824219,287.5437353503911,284.3151410483271,287.2510539767532,83398900
2020-06-18,285.1565246582031,285.63211084262696,283.08037422942215,283.53767829923845,80828700
2020-06-19,283.52685546875,288.7997990416287,281.5885255828859,288.606893993327,135549600
2020-06-22,285.345703125,285.74070848311646,281.79059883305774,282.92969448323436,74649400
2020-06-23,286.6594543457031,288.9101167071253,286.25525352949296,287.9822882833986,68471200
2020-06-24,279.3471374511719,285.2447743186567,277.51906654379894,284.6292778033308,132813500
2020-06-25,282.34185791015625,282.60826932957065,276.7657488767601,278.77755738775835,89468000
2020-06-26,275.6357421875,281.4598984244321,275.0570271107299,281.24860280201204,127961000
2020-06-29,279.68695068359375,279.82474000470745,274.6069121259045,276.8851316946332,79773300
2020-06-30,283.2696533203125,284.95996268018115,279.09907976025323,279.25523166814565,113394800
2020-07-01,285.25390625,286.5124569965103,283.9219052338294,284.3812217292925,72396500
2020-07-02,286.8248291015625,290.01248714880245,286.16341213389586,288.6712626090192,69344200
2020-07-06,291.2525939941406,291.83133729460695,289.8838397361495,290.6279302554761,61713800
2020-07-07,288.2486877441406,291.68436650450917,287.87204481586895,289.71850628424903,82910000
2020-07-08,290.4533386230469,290.5635700836482,287.2565141278047,289.01107826646074,54638600
2020-07-09,288.79986572265625,291.29854876580123,285.40091218882344,291.0596951993123,83354200
2020-07-10,291.7485656738281,292.01497701546276,287.31158191825944,288.7354514375294,57550400
2020-07-13,289.2223815917969,296.4520180972743,288.57016007630955,294.0819575281441,102997500
2020-07-14,292.9703674316406,293.74201557346794,286.6134164997587,287.8076278547291,93657000
2020-07-15,295.66204833984375,296.75522389579646,293.2919594068963,296.176480597415,87196500
2020-07-16,294.688232421875,295.13835353607965,293.1265454022012,293.76959959487846,54622500
2020-07-17,295.5426025390625,296.32344617655446,293.7236991518469,295.6895871795454,62774900
2020-07-20,297.9309997558594,298.67509008942426,294.5320471440715,295.2761374776364,56308800
2020-07-21,298.56494140625,300.3287011916338,297.5819972984977,299.887775262516,57292200
2020-07-22,300.264404296875,300.57676422399317,298.09644361801094,298.20667510548435,57792900
2020-07-23,296.6817321777344,300.6043133781374,295.32217315904694,299.9061432651097,75738000
2020-07-24,294.7709655761719,295.7906347636458,293.27358928008266,294.8352766153247,73766600
2020-07-27,296.9205627441406,297.09510525887373,294.6699006548691,295.45993962173293,48293000
2020-07-28,295.0373840332031,297.3064087498554,294.7434147338862,296.19484259327356,57495000
2020-07-29,298.6658935546875,299.22627414454865,295.8732419733669,295.9099951352713,48454200
2020-07-30,297.6003723144531,298.0137684247476,293.63189861413105,295.7079903642907,61861700
2020-07-31,299.9519958496094,300.0530600436379,295.1842889920088,299.38244795338665,84986800
2020-08-03,302.037353515625,302.7998065744939,301.063604773236,301.6055948819654,53077900
2020-08-04,303.2039794921875,303.2039794921875,301.182975853342,301.182975853342,41917900
2020-08-05,305.0871887207031,305.344432870868,304.2328667686408,304.49927818527294,42697700
2020-08-06,307.12652587890625,307.24595264171285,304.1869174123309,304.5084445350137,43679400
2020-08-07,307.3470458984375,307.63181988230866,305.2617310710826,306.16200149282446,57308300
2020-08-10,308.265625,308.4493347450377,305.86797873960825,307.79711328642304,44282100
2020-08-11,305.720947265625,310.0752852689284,304.9952476271118,309.4414264716332,69601100
2020-08-12,309.9835205078125,310.755168860554,308.11869664674026,308.1462545152505,53774400
2020-08-13,309.42315673828125,310.7276279995597,308.5045236917194,309.2210563466594,41816100
2020-08-14,309.43231201171875,309.9651348090941,308.31157871851264,309.0373065810643,47260400
2020-08-17,310.415283203125,310.8102886684304,309.4415344570698,310.4428410719962,35481000
2020-08-18,311.08587646484375,311.50843977331124,309.2210246583516,310.8102697584453,38733900
2020-08-19,309.79058837890625,311.9769111702149,309.23020772218825,311.4624789799715,68054200
2020-08-20,310.7552185058594,311.23289764783453,307.9442033309167,308.0727973930236,42207800
2020-08-21,311.8575134277344,312.077976357265,310.0845305879196,310.42444831688175,55106600
2020-08-24,315.0176086425781,315.0910869399419,311.8299513355394,314.28268549668286,48588700
2020-08-25,316.1199035644531,316.20257714942005,314.42042733716255,315.577913595594,38463400
2020-08-26,319.289306640625,319.55569004926366,316.1659597726134,316.7079499261824,50790200
2020-08-27,319.9874267578125,321.42968732403983,318.33389853954054,320.1528020072036,58034100
2020-08-28,322.0543212890625,322.18294335620885,319.8220499903276,321.0070943234452,48588900
2020-08-31,320.8876953125,322.7157660361152,320.6580370594044,321.8430814950249,66099200
2020-09-01,323.90997314453125,324.0110093091774,320.82335195593424,321.71442700956277,54908700
2020-09-02,328.594970703125,329.559523949686,324.67239062235956,325.811514381806,69540000
2020-09-03,317.2867126464844,327.3824818511358,314.714523042197,326.91396998023686,148011100
2020-09-04,314.6960754394531,319.52806537103726,307.6225909820258,317.9664062807728,139156300
2020-09-08,306.09765625,314.76038567556583,305.7945197326243,309.31287135263426,114465300
2020-09-09,312.1423645019531,314.59509930226375,309.2210897917374,310.08460719165936,91462300
2020-09-10,306.7223205566406,314.65929340975237,305.76693459029764,314.00707196819104,90569500
2020-09-11,306.8785400390625,309.5517654532482,304.0675252807341,308.49534310221514,84680200
2020-09-14,310.9205322265625,312.6843200062255,307.02553709097856,310.0294570524929,65605700
2020-09-15,312.4913330078125,314.1907812662179,310.9296460285526,313.36401735020615,52920900
2020-09-16,311.2512512207031,315.1462463127431,310.9756444899073,313.72237632422525,82096000
2020-09-17,308.5137023925781,310.2223743451593,305.89559274386187,306.419220280496,91523300
2020-09-18,304.96185302734375,309.42583088639304,302.49006851927624,309.3151581691173,105877900
2020-09-21,301.56781005859375,301.71538308915785,296.73491293099994,300.3964860710057,99450800
2020-09-22,304.6390380859375,305.19242981762375,300.54397867680115,303.043459504694,63612100
2020-09-23,297.5743103027344,305.46928691456975,297.0762546896146,305.1925768420871,93112200
2020-09-24,298.3673400878906,301.41095239116913,294.95478119915913,296.26447402550286,76681300
2020-09-25,303.1910095214844,303.97495058970566,296.65183428543304,297.51877988511285,71069400
2020-09-28,308.22686767578125,308.9370364423363,306.3453468665424,307.3322255987747,64584600
2020-09-29,306.5482482910156,308.7617872255907,305.85651561479375,308.02395029629054,51304000
2020-09-30,308.87255859375,312.0084084790107,307.018705591418,307.2123829038959,104081100
2020-10-01,310.8554992675781,312.4234100301672,308.9832103165565,311.4549953869998,88698700
2020-10-02,307.9039611816406,310.82769621071276,305.4598453573376,305.9302324553482,89431100
2020-10-05,313.3641357421875,313.54858090194296,309.9054723466813,309.95157659995147,45713100
2020-10-06,308.90936279296875,315.58690808900525,308.4021034182183,313.5024779338328,90128900
2020-10-07,314.2864990234375,315.08890456314975,311.8239178856879,311.8515860716545,56999600
2020-10-08,317.07177734375,317.136345808454,315.30092949856623,316.2140356726997,45242500
2020-10-09,319.90338134765625,320.36453656708585,318.0956607685628,318.7135930004572,59528600
2020-10-12,325.0498352050781,326.51630530793193,321.9416537782736,322.43047714589153,80388500
2020-10-13,322.9284973144531,325.08669995512446,321.96928675859624,324.9114587531888,73255500
2020-10-14,320.8993835449219,324.588624372676,320.1707787470456,323.50030508369025,57727900
2020-10-15,320.50274658203125,320.9823376815257,316.47225611409266,317.00718356557996,60357700
2020-10-16,320.3091125488281,323.50029791303143,320.1338713616603,321.84935479813737,89501900
2020-10-19,315.4393310546875,322.1906205529244,314.54468900491094,321.5634563511587,68425600
2020-10-20,316.7029113769531,319.9309973867883,316.02041077038155,316.7766838154975,60051900
2020-10-21,316.1034851074219,318.8150802060779,315.79910688287015,316.65684888536595,63575000
2020-10-22,317.83740234375,318.41846245207137,314.1850607086071,316.315595674664,55399300
2020-10-23,318.9163818359375,319.1100590737951,316.4722657264527,319.0547227201215,49143900
2020-10-26,313.0228271484375,316.3339169113556,309.54570018199115,315.54994772507445,91473000
2020-10-27,311.9437255859375,313.69610916029956,311.73158412847806,313.36409103210644,65994100
2020-10-28,301.28192138671875,311.97149564251475,300.793097996132,306.29929226016867,127094300
2020-10-29,304.3439636230469,307.49824909412393,299.83385273532434,301.5124642403669,90597700
2020-10-30,301.1712341308594,304.07650614801975,297.5373290450951,302.77604515722487,120287300
2020-11-02,304.546875,306.5390404964642,301.8168162223565,304.546875,86068300
2020-11-03,309.9239501953125,311.97148032731906,304.6298977179073,307.76574732319943,93294200
2020-11-04,316.8504943847656,320.90865415281115,313.2073573716277,314.3786813421589,126959700
2020-11-05,323.0299072265625,324.8284233294965,321.75711467946127,322.10759705001647,82039700
2020-11-06,322.9561462402344,324.20127065202445,320.6411386081411,322.74400475930975,74973000
2020-11-09,327.01434326171875,336.0714373165098,326.55318810389855,335.69328670949596,172304200
2020-11-10,326.5346374511719,327.5860562057927,323.2788843052544,326.02735006756774,85552000
2020-11-11,328.96038818359375,329.7812296172515,327.4754541399261,328.71134641817173,58649000
2020-11-12,325.76922607421875,329.0065443622718,323.9707378060497,327.9550970682561,67546200
2020-11-13,330.27923583984375,331.01707262409263,327.1525912475838,327.66908262589186,62892200
2020-11-16,334.4019775390625,334.5956547777361,331.65348332612245,332.93550786719294,74541100
2020-11-17,332.6034240722656,333.8024439472008,330.50055842104655,332.00392820813164,66111000
2020-11-18,328.6006774902344,333.4151378683076,328.5637772011029,332.8709782269809,70591300
2020-11-19,329.9841003417969,330.35301874563146,326.63611023732454,327.9734711162287,59940900
2020-11-20,327.7245178222656,329.92885302572876,327.6507453802579,329.7259436268605,70417300
2020-11-23,329.6890869140625,330.9434437674279,327.30030621646875,329.52307778759223,63230600
2020-11-24,335.0015869140625,335.54574667619727,331.3769137723778,332.22542358406326,62415900
2020-11-25,334.48504638671875,334.9462015223956,333.3967270217236,334.918533340122,45330900
2020-11-27,335.41656494140625,335.88692400664513,334.4112220479706,335.5733419142613,28514100
2020-11-30,333.9316711425781,334.90931782692627,331.26620896255025,334.6418399539096,83872700
2020-12-01,337.58404541015625,339.1150840650687,336.5787304430176,337.16902261455584,74231400
2020-12-02,338.2941589355469,338.4509359040713,335.90537894601357,336.4772067543695,45927000
2020-12-03,338.20196533203125,339.5854307786495,337.10441382598,338.1927332221173,62882000
2020-12-04,341.116455078125,341.116455078125,338.690774592366,338.7830112476437,50749900
2020-12-07,340.41552734375,340.9043507086095,339.151966654208,340.3509588633568,48944300
2020-12-08,341.4115905761719,341.9741863066491,339.105814998791,339.1519192516688,42458900
2020-12-09,338.34954833984375,342.22323481665705,337.51947467671783,342.0664578235537,74098300
2020-12-10,338.2389221191406,339.2811092864554,336.11759119200616,336.9845652684268,57735400
2020-12-11,337.84228515625,338.24810398025454,335.03848183162887,336.5510562374535,57698600
2020-12-14,336.32958984375,341.0702489156924,336.15434868062346,340.00039401520417,69216200
2020-12-15,340.8765869140625,340.8765869140625,337.4917246049017,338.8567255407651,63865300
2020-12-16,341.4115905761719,342.32466869787885,340.2125703879291,341.08877636600363,58420500
2020-12-17,343.32073974609375,343.52364911590456,342.2231883566635,343.0440579448397,64119500
2020-12-18,341.9499206542969,343.77461802271546,339.949235092986,343.6079012926033,136542300
2020-12-21,340.7273254394531,350.54549505048345,335.32734770004896,338.0505010968188,96386700
2020-12-22,340.1531066894531,341.16270708830126,339.03236177207674,341.0515625697731,47949000
2020-12-23,340.4586486816406,342.35743274971173,340.1344584521365,341.1162723357877,46201400
2020-12-24,341.78326416015625,341.81105028673863,340.34760050896585,340.93110916719627,26457900
2020-12-28,344.7193603515625,345.1083660073762,343.70048890382196,344.3210549674562,39000400
2020-12-29,344.0617370605469,346.4143989143609,343.4782002616362,346.23841072844647,53680500
2020-12-30,344.5526428222656,345.580785813549,344.1636371354638,344.8768330723695,49455300
2020-12-31,346.30322265625,347.02568999178754,343.8486880077347,344.3581095939101,78520700
2021-01-04,341.588623046875,347.7573950518518,337.9114430282921,347.6277076691734,110210800
2021-01-05,343.9413757324219,345.0250911405823,340.90330357734024,340.9496326301057,66426200
2021-01-06,345.99761962890625,349.17465054566816,341.8943751612788,342.4408544416183,107997700
2021-01-07,351.13824462890625,351.879226704414,348.18353125617296,348.35951944577056,68766800
2021-01-08,353.1389465332031,353.351964049799,349.28577737519294,352.51835210952186,71677200
2021-01-11,350.75848388671875,352.5090660622088,349.8600282756686,349.9804442235394,51034700
2021-01-12,350.8324890136719,351.84208887461585,348.60024356700484,350.9436617396313,52547700
2021-01-13,351.77740478515625,352.7684620951219,349.98049331102504,350.7585330833306,45303600
2021-01-14,350.5454406738281,353.01851855461456,350.2120072157381,352.51834010082484,49989100
2021-01-15,347.98907470703125,349.7303856428167,346.13659100513945,348.93383121899916,107160000
2021-01-19,350.7214050292969,351.25864103080227,348.96155149790013,350.43427237101565,51233300
2021-01-20,355.5749816894531,356.40859366437286,352.6109965934532,353.00000232397593,61836100
2021-01-21,355.89910888671875,356.5567608588735,354.9821386306928,356.13066931635393,47840100
2021-01-22,354.63946533203125,355.79726758341997,353.676165944212,354.0559284746663,52860500
2021-01-25,356.0381164550781,356.39006461227206,350.5454808302178,355.37122119584785,70402000
2021-01-26,355.4823303222656,357.3903860722406,355.25076988400014,356.98283743956097,42665300
2021-01-27,346.79412841796875,352.26821978545763,344.5711541827748,352.1755899701056,123351100
2021-01-28,349.7767639160156,353.75959312888426,348.1651119139084,348.6004185091177,94198100
2021-01-29,342.7743225097656,348.8875242713741,341.1070702475137,347.9242248487391,126765100
2021-02-01,348.4799499511719,349.5080647438886,343.0614299643618,346.1550740721614,75817600
2021-02-02,353.4075012207031,354.9543372615442,348.5632753314943,351.6476476844072,64450700
2021-02-03,353.6854248046875,355.3989777290151,352.41647810504685,354.2319040558715,52427100
2021-02-04,357.7052917480469,357.75159252733863,353.79655056291546,354.7135208194631,47142600
2021-02-05,359.1132507324219,359.81720364448813,357.65907238511835,359.567128499409,48669800
2021-02-08,361.7066955566406,361.7529963401308,359.7060098700413,360.558136499525,38365200
2021-02-09,361.4658508300781,362.05865913101644,360.4655221555642,360.8730425291398,35551100
2021-02-10,361.3083190917969,363.34606196471054,358.91862814688085,363.19785991334857,59154400
2021-02-11,361.8919677734375,362.79969501880703,359.47448996280053,362.382874853758,42913300
2021-02-12,363.6795959472656,363.92039959528154,361.0212582224557,361.09537339619646,50593300
2021-02-16,363.36468505859375,365.09678115079834,362.65148897356323,364.9022500003414,50972400
2021-02-17,363.4480285644531,363.69810367108147,360.6137026893847,361.62333111241526,52290600
2021-02-18,361.9012756347656,362.6422579286413,359.1410642967528,360.8546176513358,59712800
2021-02-19,361.2620544433594,363.4387281237623,360.8174482448131,363.1515954538638,83241000
2021-02-22,358.48333740234375,360.88230010289743,358.2147193846534,358.51112352371484,67414200
2021-02-23,358.91864013671875,360.26170183872983,352.15708738402975,356.2881172371343,107284100
2021-02-24,362.8736877441406,363.2997792629968,356.8531169079845,357.8349308137793,72433900
2021-02-25,354.1300048828125,362.9756307811768,352.6943414403151,361.614054243243,146670500
2021-02-26,352.3053283691406,357.14031184524765,350.3324570181541,356.0010524866953,152701600
2021-03-01,360.8452453613281,362.0864341700933,352.49982648838284,357.1495498565867,105348800
2021-03-02,358.029541015625,361.2991736921879,357.5293624902229,361.0676132242538,79595300
2021-03-03,353.287109375,358.2980519232204,353.18520809288117,357.33478094068346,119940200
2021-03-04,348.9153137207031,355.6768678709619,344.45082125144995,353.10191667693744,183433000
2021-03-05,355.334228515625,356.38088651458867,345.1548378224523,352.39802889257345,152039600
2021-03-08,353.5650329589844,359.08542635862597,353.28717171626954,356.2881862042194,123149200
2021-03-09,358.613037109375,361.15093050380403,356.89021272533046,357.39039119381505,113633600
2021-03-10,360.8452453613281,362.53101211553303,359.53926937994413,360.94714665159455,109899400
2021-03-11,364.5039367675781,366.46756487354185,362.8459560202513,363.29983372649673,86245000
2021-03-12,364.9948425292969,365.1337731463777,362.3458045414346,363.15163038715974,64653600
2021-03-15,367.17144775390625,367.4307942795085,363.1145048939015,365.24484933515953,73427200
2021-03-16,366.7083435058594,368.48671168557286,365.9395470892931,367.78278723665204,73722500
2021-03-17,367.9588317871094,368.7553861785309,364.2908938545459,365.4301814608711,97959300
2021-03-18,362.6051330566406,367.458630815987,361.92896639831395,365.3838583264933,115349100
2021-03-19,361.9342041015625,363.8763863440196,359.7689764719853,362.30590860111545,113624500
2021-03-22,364.8242492675781,366.1995871570597,362.3895521009953,362.4453063598302,73778600
2021-03-23,361.9527282714844,365.6326505079344,361.1721404249181,364.1922851409189,90686600
2021-03-24,360.11279296875,364.9729135223698,360.0663405424219,363.3466815716018,97588600
2021-03-25,362.1386413574219,362.928502774503,356.7488269231494,358.6817356717282,116128600
2021-03-26,367.9744873046875,368.3740689250356,362.6869079495488,363.28162946554033,114409100
2021-03-29,367.78857421875,368.6899723870586,365.0286254649994,366.506169777318,108107600
2021-03-30,366.81292724609375,367.4820067384965,365.22384572711366,366.52485411067954,76262200
2021-03-31,368.2997131347656,369.85161555750506,367.35186241979716,367.379739547907,112734200
2021-04-01,372.2770690917969,372.332851715989,370.0189362834983,370.2233780414043,99682900
2021-04-05,377.6203918457031,378.1593875358287,374.85116890824196,374.92549847279105,91684800
2021-04-06,377.3973693847656,378.43815342897005,376.7282898764573,377.0628438102306,62021000
2021-04-07,377.8341064453125,378.17793382855064,376.7747471661256,377.2300830672533,55836300
2021-04-08,379.6276550292969,379.6834092961356,378.1501102395892,379.07938583255554,57863100
2021-04-09,382.3874816894531,382.5547727954049,379.3859406394559,379.50675096516443,61104600
2021-04-12,382.5269470214844,382.796416474297,381.1887881496238,381.79281150001924,56704900
2021-04-13,383.6606750488281,384.2833021211937,382.04374472962985,382.42475109343,56551000
2021-04-14,382.3504333496094,384.6828956772721,381.81143765372315,383.6328097766472,61659900
2021-04-15,386.457763671875,386.7272614837685,384.43195006619254,384.47840249341357,60229800
2021-04-16,387.7494812011719,388.35350456848977,386.3276909048911,387.7401793717676,82037300
2021-04-19,385.8443908691406,387.26618094928665,384.52483581919165,386.82014695346464,78498500
2021-04-20,383.01947021484375,385.73293861586444,381.55119913988244,384.63640040393466,81851800
2021-04-21,386.6436462402344,386.84808797516496,382.2667384186611,382.40615242461456,66793000
2021-04-22,383.1123046875,387.30334522286734,382.0529456283418,386.47630498080514,97582800
2021-04-23,387.2662658691406,388.6694809602353,383.5956446305461,383.66997419307154,73209200
2021-04-26,388.0746765136719,388.6415492403517,387.33126755588586,387.9167155807785,52182400
2021-04-27,387.9910888671875,388.567263487537,386.85737164526927,388.3720952177508,51303100
2021-04-28,387.8795471191406,389.375695263148,387.4149094181452,388.260553437065,51238900
2021-04-29,390.3514404296875,390.96476562535156,386.9874678625414,390.59306111989224,78544300
2021-04-30,387.78662109375,388.9389418978536,386.8945246318917,388.0932978632619,85527000
2021-05-03,388.62298583984375,390.1469827577325,388.1304710094045,389.76597643845156,68128300
2021-05-04,386.2254943847656,387.13619462090406,382.5548730269321,386.64367972036484,101591200
2021-05-05,386.34619140625,388.0932334418477,385.78862057542915,387.86091462560825,60162200
2021-05-06,389.4314880371094,389.5615718594526,384.42267951252586,386.4206161525747,74321400
2021-05-07,392.26568603515625,392.9161900904021,389.5150390811732,390.1934202611164,67733800
2021-05-10,388.38134765625,392.8418580569698,388.2605373215281,392.61884104470386,81852400
2021-05-11,384.9151611328125,385.90019080250545,381.058673838158,383.8836790361329,116888000
2021-05-12,376.7375183105469,383.40970843345315,375.4272366804108,382.1459075857726,134811000
2021-05-13,381.2630920410156,383.1866988347354,378.2336453045816,378.2801260879357,106394000
2021-05-14,387.1175231933594,387.9631671876168,383.95799259058225,383.9858697174596,82201600
2021-05-17,386.1324768066406,386.9409701694624,384.1252386808852,386.0116948349033,65129200
2021-05-18,382.80572509765625,386.6343353537289,382.6477357955868,386.39271466558824,59810200
2021-05-19,381.80206298828125,381.97862757643315,376.66317135235914,378.14074413936413,106467100
2021-05-20,385.9095153808594,387.16404293504047,382.5548445523857,382.6756265415183,78022200
2021-05-21,385.593505859375,388.6229524956767,385.1381700248017,387.38700043150294,76578700
2021-05-24,389.5244445800781,390.5931057902049,387.5822337254024,387.8238544432402,51376700
2021-05-25,388.6601257324219,390.95543705465997,388.08397953448286,390.60230787289504,57451400
2021-05-26,389.4314880371094,389.93327638516723,388.2141394088324,389.2456215946333,43088600
2021-05-27,389.6358947753906,390.96475180607416,389.3570951367238,390.4536616740374,56707700
2021-05-28,390.3329162597656,391.4573317528187,390.10059736851764,391.19713572899053,58520200
2021-06-01,389.98907470703125,392.8233537338611,389.55231407294144,392.68396807601084,54216600
2021-06-02,390.602294921875,391.43866542326464,389.63586897767476,390.639473876416,49097100
2021-06-03,389.1526794433594,390.2863966542775,386.83879259158886,388.2977618897576,58138800
2021-06-04,392.7117919921875,393.0091669281305,389.21770739294345,390.99262682035794,55938800
2021-06-07,392.3306884765625,392.8789574268094,391.4014133013859,392.7023928747876,51555000
2021-06-08,392.4143981933594,393.2786174726193,390.5930264269201,393.18568426469994,47134300
2021-06-09,391.8289794921875,393.32512768168914,391.6059624638834,393.2507697660974,48436300
2021-06-10,393.650390625,394.5982698082267,391.73608531665377,393.0463672069907,51020100
2021-06-11,394.3008117675781,394.41232026935137,392.9162006051728,394.1986050940301,45570800
2021-06-14,395.18365478515625,395.28586146390614,393.17641657338044,394.41234034324725,42358500
2021-06-15,394.4588317871094,395.3695035287047,393.585310642845,395.3323529313738,51508500
2021-06-16,392.2564392089844,394.82124847769757,390.22135210226025,394.59823144884797,80386100
2021-06-17,392.1263427734375,393.1020706024834,389.66376862836967,391.84757149634856,90949700
2021-06-18,386.83642578125,389.5494393113769,386.6313151981734,388.85953482830837,118676300
2021-06-21,392.37432861328125,392.5608031135424,387.7780195471861,388.58912956449535,72822000
2021-06-22,394.4720153808594,395.30178987033617,391.64710042623443,392.36500160297555,57700300
2021-06-23,393.9965515136719,395.3483919707271,393.9126465296074,394.5466142661028,49445400
2021-06-24,396.3273620605469,396.74688700384473,395.879840335682,396.13158375367453,45110300
2021-06-25,397.735107421875,398.1826291109268,396.7468552540623,397.0731713740786,58129500
2021-06-28,398.5369873046875,398.70479729962966,397.0639410401673,398.2573039797839,53159600
2021-06-29,398.75140380859375,399.553181588353,398.2199770743729,398.91921379244826,35970500
2021-06-30,399.08697509765625,399.7582434032112,398.26653289619884,398.29450122342985,64827900
2021-07-01,401.29656982421875,401.45507598441856,399.7768909463528,399.8421598624358,53441000
2021-07-02,404.3639831542969,404.71826768717443,401.38056141092403,402.45274727158574,57697700
2021-07-06,403.6273193359375,404.6342359510612,400.9049741658819,404.41979315569,68710400
2021-07-07,405.0538330078125,405.33354476274883,402.303519022366,404.3079918986779,63549500
2021-07-08,401.75347900390625,402.50865241662655,398.5835829803211,399.75830982322657,97595200
2021-07-09,406.04205322265625,406.3404010235605,401.55761775710965,403.25443886623873,76238600
2021-07-12,407.4964599609375,407.74820336371283,405.52928784657445,405.9581450244714,52889600
2021-07-13,406.10736083984375,408.2050710020873,405.8463136021785,406.71336030742225,52911300
2021-07-14,406.7132873535156,408.2795989505662,405.47332031002753,407.79477670185605,64130400
2021-07-15,405.3242492675781,406.0514543731517,403.4316495407636,405.3801859332363,55126400
2021-07-16,402.14501953125,406.54555043309637,401.7534629006535,406.4989460325066,75874700
2021-07-19,396.2061767578125,402.2102917266134,393.40922985130334,397.34360297120685,147987000
2021-07-20,401.8839111328125,403.1518749888616,396.075575412109,396.8680492656384,99608200
2021-07-21,405.1377258300781,405.2775959293525,401.83734914667167,403.0773163550678,64724400
2021-07-22,405.9861755371094,406.2285867170565,404.33598703643406,405.31490711357736,47878500
2021-07-23,410.16302490234375,410.49864494120817,407.2262357541961,407.90680809478937,63766600
2021-07-26,411.1698303222656,411.1791625832427,409.5289741551596,409.57557855601476,43719200
2021-07-27,409.2958984375,410.16294515467484,406.48028699392114,410.1349768235407,67397100
2021-07-28,409.1280212402344,410.49852624000596,407.7109118436593,409.9204951499821,52472400
2021-07-29,410.8248596191406,411.8970168587412,410.0417179366842,410.0510501972417,47435300
2021-07-30,408.8297119140625,410.27478967456426,408.1397790411661,408.2703168786377,68951200
2021-08-02,407.9720153808594,411.08594634074757,407.6177308698033,410.535883503272,58783300
2021-08-03,411.291015625,411.4122212036647,406.5828332901923,408.76444835011597,58053900
2021-08-04,409.2678527832031,411.2629930818675,409.03477391711556,410.01369377387937,46732200
2021-08-05,411.8597106933594,411.94361567540324,410.1069529741895,410.4239368348036,38969700
2021-08-06,412.540283203125,412.95983656575635,411.8969832214965,412.1766949472546,46930000
2021-08-09,412.2047424316406,412.82937801362914,411.44023673390757,412.5123940918411,41222600
2021-08-10,412.71746826171875,413.42603723143196,411.9716271529787,412.6521993404,43339300
2021-08-11,413.74298095703125,413.83621819957546,412.66149153794436,413.78028154445127,44034300
2021-08-12,414.9830627441406,415.1229328726098,412.698906156745,413.593921338042,38909400
2021-08-13,415.73822021484375,415.756856285703,414.9457461970688,415.43054010755844,39470300
2021-08-16,416.7171325683594,416.8476419659867,412.8946326638833,414.44228007699377,73740000
2021-08-17,413.9854736328125,414.84318814832017,411.0113842575715,414.17191970261024,92673900
2021-08-18,409.4543151855469,414.5354460503362,409.21193250248587,412.97846664369814,89351900
2021-08-19,410.0883483886719,411.28173973529556,406.6014969603048,406.74133861748237,92812200
2021-08-20,413.35137939453125,413.6776955043849,409.94843356779614,410.4332558288395,72008700
2021-08-23,416.9874267578125,417.8917739029661,413.42597482930967,415.02955857787043,54973000
2021-08-24,417.6494445800781,418.18087133123964,417.1366823512831,417.6494445800781,38744700
2021-08-25,418.5258483886719,419.03861064787276,417.4629948233235,417.8359438685796,40529700
2021-08-26,416.0552062988281,418.47920431591973,415.96196904001306,418.2461253948904,57829600
2021-08-27,419.77508544921875,420.14800598686645,416.80099650435585,416.85693316240236,77235100
2021-08-30,421.62103271484375,422.4041742907106,420.20389499964745,420.4463061250384,48357400
2021-08-31,420.99639892578125,421.86344554117693,420.3997317809541,421.5278256069639,59300200
2021-09-01,421.22021484375,422.4415461141893,420.987135922643,421.9287838685606,48721400
2021-09-02,422.5161437988281,423.31792162382027,421.3227808707356,422.6373493891215,42501000
2021-09-03,422.41357421875,422.92636491207014,420.98713237168766,421.38804973614276,47170500
2021-09-07,420.9031677246094,422.16179940000075,420.2318993945348,422.06856215515467,51671500
2021-09-08,420.3904113769531,421.0989803051799,418.47914741318687,420.3717753085308,56181900
2021-09-09,418.5909729003906,421.93798172709813,418.34856179501094,420.19455650488635,57970400
2021-09-10,415.2906188964844,420.93111629475897,415.169413329075,420.51159139066226,89948200
2021-09-13,416.353515625,418.5351593108477,414.0506948028417,418.2741120636888,83738600
2021-09-14,414.1066589355469,417.99439930193716,413.2209476783512,417.789288718798,78197100
2021-09-15,417.5655517578125,418.05967793066094,413.426067858019,414.5261935331129,78792200
2021-09-16,416.9034729003906,418.01290200520714,413.9666567487953,417.04331451427447,77786700
2021-09-17,412.842529296875,416.5556814670835,412.48710977006306,416.13481245625456,118425000
2021-09-20,405.95867919921875,408.31563107334745,401.1137908654286,406.74432982392835,166445500
2021-09-21,405.5751647949219,409.5782577328852,405.05139775953694,408.2875359159857,92526100
2021-09-22,409.5314636230469,411.5610822337272,405.687384755819,407.838568692879,102350100
2021-09-23,414.50732421875,416.1067119256756,411.1589540771979,411.39277968477785,76396000
2021-09-24,415.1901550292969,415.9009940953473,412.6648267475049,412.8799566078013,62094800
2021-09-27,414.00238037109375,415.3211319949362,413.31023699793775,414.16136583806065,61371100
2021-09-28,405.6593933105469,411.57051184242243,404.9298585168966,411.2431502653508,130436300
2021-09-29,406.3421325683594,408.7645623202573,405.78094542874345,407.0342471994263,82329200
2021-09-30,401.3757019042969,408.5120355292715,401.0389781842043,407.81055870084094,140506000
2021-10-01,406.1457214355469,407.819920791209,399.5892707562588,403.0966548978282,129240100
2021-10-04,400.90802001953125,405.8838069157906,398.7755032227819,404.9859246361656,128570000
2021-10-05,405.0794982910156,407.31485631227736,401.60953418086086,402.4045184317474,90682500
2021-10-06,406.762939453125,406.96870708815,399.879128650759,401.4971832622584,113032200
2021-10-07,410.27978515625,413.10438834176847,409.8495540118839,410.0272637647416,72437500
2021-10-08,409.5314636230469,411.4301547502559,408.90482704747944,411.04667737060987,74557400
2021-10-11,406.566650390625,411.77629222213716,406.5011723645591,408.8768487322521,65233300
2021-10-12,405.56585693359375,407.8854173602366,404.7802062753356,407.48324414407466,71181200
2021-10-13,407.0249328613281,407.83864146494665,403.62044662249696,406.58533954701886,72974000
2021-10-14,413.871337890625,414.0209897091665,410.20493969427326,410.6725909235282,70236800
2021-10-15,417.02337646484375,417.38815818898604,415.35853893557567,415.9758420926981,66260200
2021-10-18,418.2579040527344,418.59459923333367,414.5915058971594,415.24622902810097,62213200
2021-10-19,421.484619140625,421.55006860524617,419.26792883450116,419.8758981308074,46996800
2021-10-20,423.1401672363281,423.4394708582434,421.8307495694043,421.9429812918315,49571600
2021-10-21,424.2437744140625,424.4682378362627,422.11128627367634,422.5415173472805,41305400
2021-10-22,423.80426025390625,425.25399624119467,421.86817724672443,423.81362241263184,58845100
2021-10-25,426.07696533203125,426.4043268564078,423.12143508500935,424.8891416475836,45214500
2021-10-26,426.46044921875,428.8267630097883,426.086333989396,427.62024353585866,56075100
2021-10-27,424.5711975097656,427.58287254810574,424.4963573294037,426.9188157990134,72438000
2021-10-28,428.6678466796875,428.74265832035,425.98353308393456,425.992866699538,51437900
2021-10-29,429.5376281738281,429.8275696350324,426.08636002655044,426.3763014877547,70162400
2021-11-01,430.2764892578125,430.8937922170224,428.55553640630086,430.5196484527775,48433600
2021-11-02,432.0162048339844,432.3248706330071,430.3139474896051,430.4449035360186,48908400
2021-11-03,434.6537780761719,435.05595130001086,431.0154376576969,431.4550309735482,52509800
2021-11-04,436.70208740234375,436.7862612009498,434.906294069248,435.25235142235067,52847100
2021-11-05,438.2172546386719,440.20009126070624,436.71143139873345,438.91873147438207,66390600
2021-11-08,438.59136962890625,439.8072799359265,437.9086171102104,439.3115707807346,50405200
2021-11-09,437.1416931152344,439.19000790226266,435.7387393456625,438.9561822740007,51149100
2021-11-10,433.6248779296875,437.14162395618587,432.1471127518589,435.45806257315104,69429700
2021-11-11,433.76513671875,435.1868144801551,433.7464409483171,435.1119743121017,34848500
2021-11-12,437.0387878417969,437.59061289028136,434.08322852376944,435.02789318029676,53466700
2021-11-15,437.1883850097656,438.47910686218404,436.06603927869656,438.32012144161854,46980500
2021-11-16,438.9186706542969,440.0503784670045,436.85166052357863,436.9264721500284,48857500
2021-11-17,437.8524475097656,438.83450354133987,437.23514454531596,438.65679381476366,47858300
2021-11-18,439.33966064453125,439.60154420700337,436.16897141797494,438.88134300282934,50625600
2021-11-19,438.5540466308594,440.4714055296714,438.18926491878597,439.22743709652724,57315600
2021-11-22,437.3193359375,442.90309222744014,437.11356827439874,440.4245466558774,72762000
2021-11-23,437.89923095703125,438.7503595623578,434.4012091306797,436.9919864914119,73206500
2021-11-24,439.06842041015625,439.1900143055321,435.09338467174774,435.9070933030563,61858800
2021-11-26,429.2757873535156,433.88682180438246,428.1534129420354,432.4277521953583,112669600
2021-11-29,434.54150390625,436.37468863148496,431.8571905656505,434.04579477237445,86268800
2021-11-30,426.08636474609375,434.0083773215289,425.8431769850362,432.10971456592034,148559600
2021-12-01,421.3537902832031,434.6070397085966,421.1573847437486,431.77307418093795,131939200
2021-12-02,427.807373046875,429.3693408365679,421.17608151058477,421.56892113358685,127637800
2021-12-03,424.0848388671875,430.5196955865321,419.8759779470982,429.4628278206349,137331600
2021-12-06,429.107421875,430.9780267874127,424.2157797535011,426.61951391631123,98977500
2021-12-07,437.9834289550781,438.5446161321875,428.976461819127,434.36381305031244,95484700
2021-12-08,439.1432189941406,439.59217446913857,436.62725298872556,438.37629263787375,72238800
2021-12-09,436.1783142089844,439.24610518022257,435.9819086816433,437.8618472439546,61272600
2021-12-10,440.2842712402344,440.4339230591345,436.3279600988827,438.8719839338528,77159800
2021-12-13,436.3840637207031,440.1159113005939,436.10345586445044,439.7698539667308,87724700
2021-12-14,433.38177490234375,435.60779953329444,430.47299767904116,433.12925348994673,97264100
2021-12-15,440.1532897949219,440.39644899556384,430.9311938196878,433.43782580010543,116899300
2021-12-16,436.2718505859375,442.276476487203,434.7285786686983,441.99589716215934,116568600
2021-12-17,431.6286315917969,436.19955239682724,429.9297889238789,433.2054531879676,135511600
2021-12-20,427.0389099121094,427.4331009530433,423.43473432064894,426.56961576775086,107134800
2021-12-21,434.6227722167969,434.76355475782685,428.28730007942625,430.4460420910775,69806300
2021-12-22,438.9683837890625,439.08100980710736,434.1721824687357,434.3693066437573,58890200
2021-12-23,441.6996765136719,443.19202853023717,439.8600513958449,439.96328236392037,56439700
2021-12-27,447.9506530761719,447.9975710329418,443.0230645907993,443.0699825475692,56808600
2021-12-28,447.5846252441406,449.4054889482958,446.8243709664045,448.382431076323,47274600
2021-12-29,448.1571960449219,449.1708589058926,446.6930004438283,447.6879018485856,54503000
2021-12-30,446.91827392578125,449.583861651596,446.4583747572178,448.57956514884495,55329000
2021-12-31,445.7919616699219,447.57527399414477,445.5197916430219,446.43022358419387,65237400
2022-01-03,448.3730163574219,448.5044324704969,444.750079206989,447.04960339482227,72668200
2022-01-04,448.222900390625,450.5036920806799,446.3738800084919,449.7903556966754,71178700
2022-01-05,439.6160583496094,448.62651310720656,439.522193776869,447.85686371156027,104538900
2022-01-06,439.20306396484375,441.9062031753526,436.8471978839519,439.1561460016045,86858900
2022-01-07,437.46661376953125,440.38563825349837,436.11504433699366,439.21240288799294,85111600
2022-01-10,436.9222412109375,437.1380981844354,428.5594161640464,434.2848104246131,119362000
2022-01-11,440.9019775390625,440.99584212406734,433.67483414543824,436.6595675452727,74303100
2022-01-12,442.0938720703125,444.140016431985,440.1416209152974,442.62887430153415,67605400
2022-01-13,436.00250244140625,443.83972192368026,434.97944444252323,443.1920935855011,91173100
2022-01-14,436.1807556152344,436.52802870303964,431.6567531379873,432.8675400643002,95890900
2022-01-18,428.4562072753906,431.71311015183727,427.34867984369737,431.50661955919577,109709100
2022-01-19,424.0073547363281,431.3846465950604,423.73515605125175,429.99555394732135,109357600
2022-01-20,419.3144226074219,430.5680898311389,417.2025984308876,425.8845422677508,122379700
2022-01-21,411.08294677734375,420.5439049938418,411.05479027183264,418.19743405643766,202271200
2022-01-24,412.8287353515625,413.3355811285161,394.9204805481449,405.49836193837206,251783900
2022-01-25,407.78851318359375,412.7161024030997,400.9180390545414,406.4651000702844,167997300
2022-01-26,406.7654724121094,416.77082885836546,402.5230342303155,413.65470828881433,186391100
2022-01-27,404.7568054199219,414.47119995985975,403.0767530024136,411.3457135541372,149878300
2022-01-28,414.80914306640625,414.8560610276969,401.54688476779603,406.1084105135008,164457400
2022-01-31,422.28033447265625,422.6276076174351,412.8005853653847,414.14275997921226,152251400
2022-02-01,425.1336364746094,425.77186972605006,419.49271090214194,423.0030224285111,123155400
2022-02-02,429.2633972167969,429.986099950846,425.22745003532464,427.52700300171256,117361000
2022-02-03,419.1735534667969,425.1523565396717,418.338196105121,423.25641842670075,118024400
2022-02-04,421.1446228027344,424.9740508376599,416.57367327477516,418.9389343536051,118454400
2022-02-07,419.7930603027344,423.293976730891,418.46964721095105,421.90488421960123,84472900
2022-02-08,423.2471008300781,424.16692787247695,417.8783734599183,419.29565126198895,81012000
2022-02-09,429.44171142578125,429.7608280199488,427.0670841027158,427.26417963134577,92589900
2022-02-10,421.7265319824219,429.6012734878491,419.7367292271085,423.6224701723359,140103700
2022-02-11,413.41064453125,423.87589961159756,411.98400045457316,421.81102228825836,153214600
2022-02-14,412.0589904785156,414.48056412906124,408.6049926996046,412.90374279218094,123006300
2022-02-15,418.7042541503906,418.8731931731084,415.96356366027453,416.4798044209463,88482700
2022-02-16,419.1735534667969,420.54388440699483,414.79972841637374,416.667510025212,84863600
2022-02-17,410.2194519042969,419.1454369302685,409.6187702110395,416.00115999955716,102259100
2022-02-18,407.5632019042969,411.7211411385126,405.30120069692,410.4728026773066,132642900
2022-02-22,403.189453125,408.75527583891903,399.70726930226397,405.36698523466555,124391800
2022-02-23,396.0373840332031,406.6528164705641,395.47422526850164,406.08965770586263,132578000
2022-02-24,401.9972839355469,402.4290550978843,385.42184279426,385.77848222256455,213942900
2022-02-25,410.8670959472656,410.95156547095496,401.5844423836347,403.22697217896933,121804500
2022-02-28,409.81585693359375,411.2894475933548,404.2500346060891,405.4983445727152,145615000
2022-03-01,403.5742492675781,410.3227021337157,400.8804765076019,408.32350426508583,137785900
2022-03-02,410.9984436035156,412.7160475859228,405.06655868510256,405.8174178662053,117726500
2022-03-03,408.9522399902344,414.02061033566986,407.15953316384133,413.41992880665765,105501700
2022-03-04,405.6297912597656,406.7560802365222,401.60323870750193,405.2355714996603,113978200
2022-03-07,393.672119140625,405.75174706324987,393.60641107929933,405.04780577504613,137896600
2022-03-08,390.6874084472656,400.97432894741854,389.62679900774907,393.85044666663845,164772700
2022-03-09,401.1620788574219,403.1331202623526,396.85396145942144,399.0314934618867,116990800
2022-03-10,399.3505554199219,400.2421971081939,394.62006242432875,396.57231346186796,93972700
2022-03-11,394.2728576660156,402.43856000737617,393.7660118820792,401.8284832426369,95636300
2022-03-14,391.3913269042969,398.4776572170098,390.2556430646185,395.04244919429476,95729200
2022-03-15,399.9983215332031,400.62715986315254,392.72425978740176,393.9913314993287,106219100
2022-03-16,408.8678283691406,408.92414137534934,398.7122961456911,403.48973577211655,144954800
2022-03-17,413.98321533203125,413.98321533203125,406.5871337484996,406.96256340055044,102676900
2022-03-18,418.5174865722656,418.8375945905653,411.6445165852454,412.3788887995638,106345500
2022-03-21,418.3950500488281,420.34394183547073,414.9020489062175,418.34795760108,88349800
2022-03-22,423.2909240722656,424.223004155329,419.77910261257296,419.77910261257296,74650400
2022-03-23,417.8395690917969,422.25522626407883,417.754837158317,420.76766221116077,79426100
2022-03-24,424.1383056640625,424.1477299023903,418.743503870044,419.85447216024164,64736900
2022-03-25,426.2095642089844,426.48260848847235,422.1987468815837,424.7690638457169,77101300
2022-03-28,429.2412109375,429.2412109375,423.73340526599765,425.6164137873708,68529800
2022-03-29,434.5512390136719,435.04083957177517,430.4368703799773,433.11073878007403,86581500
2022-03-30,431.86798095703125,434.221741418466,429.7684162817575,433.41203287887015,79666900
2022-03-31,425.22100830078125,431.9245142006821,424.7690759011227,431.10541007140074,121699900
2022-04-01,426.42608642578125,426.9344779963225,422.86720176985517,426.79325811561665,89048800
2022-04-04,430.0791015625,430.1826819640368,425.80469323655575,426.6237972828837,59601000
2022-04-05,424.6466064453125,431.0488230339406,423.50739449351903,428.59151104712674,74214500
2022-04-06,420.400390625,422.6694189011954,417.5288146796591,420.74877126914623,106898000
2022-04-07,422.51885986328125,424.32656069949695,417.5853866950133,419.5248831878406,78097200
2022-04-08,421.3890686035156,424.2700693409283,419.8544120623101,421.7656645610829,79272700
2022-04-11,414.1866455078125,418.9694754163615,413.68764930436686,418.1315226739598,89770500
2022-04-12,412.6518859863281,419.6754993093874,411.1078052988178,417.1616704401845,84363600
2022-04-13,417.3782653808594,418.13145732147433,412.22823575440935,412.40712386848077,74070400
2022-04-14,412.1811828613281,418.7152251179499,412.0776024456247,417.60422818757394,97869500
2022-04-18,412.35064697265625,414.02652350805334,410.128681843096,411.2584985167614,66002500
2022-04-19,419.0070495605469,419.7225732355812,412.0775635034835,412.24702736869455,77821000
2022-04-20,418.6962890625,421.3890057859334,417.5382573839223,420.77703385456124,65224400
2022-04-21,412.435302734375,423.68628874029804,411.5314668018448,422.3022765002863,85417300
2022-04-22,401.11846923828125,412.4541594531157,400.55356095514185,411.35261559680123,132471800
2022-04-25,403.4439392089844,403.6134030546147,394.33958173639525,398.8870627211197,119647700
2022-04-26,391.75982666015625,401.1183788743518,391.7315826889835,400.9206423437203,103996300
2022-04-27,392.8614501953125,398.1809719519438,390.7336702250882,392.83320621839357,122030000
2022-04-28,402.7848815917969,404.5078502485607,393.1721324210072,397.5877891116116,105449100
2022-04-29,387.8997497558594,400.95840906428657,387.15595335566474,398.8117805304688,145491100
2022-05-02,390.23468017578125,391.5904485536996,381.328029550651,387.96565155346553,158312500
2022-05-03,392.0235595703125,394.42438400889665,389.1801982351646,390.73370329446914,100028200
2022-05-04,403.9618225097656,404.52673082205837,389.5097261213919,392.6825909354839,144247900
2022-05-05,389.6038513183594,400.1392856315828,385.4894825550537,399.7155972479429,172929100
2022-05-06,387.2784118652344,390.53600900560394,381.9965860353054,387.0524600062871,151770800
2022-05-09,374.87872314453125,382.63670821024124,373.3063985587751,381.40334006214687,155586100
2022-05-10,375.7449645996094,382.3260707592916,371.72475140081883,380.82908230261177,132497200
2022-05-11,369.77587890625,380.4054723691591,369.0320823332597,374.7846895595935,142361000
2022-05-12,369.3897399902344,372.64733635025226,362.6203227573482,366.59347147586817,125090800
2022-05-13,378.2210693359375,379.59565742635624,372.46846371843355,373.50412408755506,104174400
2022-05-16,376.6864013671875,380.33944215793855,374.3420651693036,376.5828496996567,78622400
2022-05-17,384.4349670410156,384.67034306970953,379.03071388415356,382.7496666304879,83029700
2022-05-18,368.9378356933594,380.17939855656863,367.7044674442447,379.8969587790726,117674500
2022-05-19,366.67816162109375,371.0844224400129,364.46562134290997,365.8873016619092,98510700
2022-05-20,366.8382568359375,373.8053816147372,358.2799877872286,370.24649717138874,131432200
2022-05-23,373.7018737792969,374.46448991142154,367.5444280343373,369.851096171746,76414900
2022-05-24,370.84912109375,372.035396905163,364.32447483504643,369.5969043569321,91448800
2022-05-25,374.12554931640625,376.0838942993882,368.96612427599865,369.3615399815034,91472900
2022-05-26,381.60107421875,383.2298868677585,375.14236904234315,375.34950112064234,82168300
2022-05-27,390.96905517578125,391.08203108602834,383.85128550592344,384.0489933488559,84768700
2022-05-31,388.77532958984375,392.0988383279228,386.04497310590705,389.35905760743515,95937000
2022-06-01,385.6307067871094,391.89170405110434,383.1263021350257,390.8843163808003,86585800
2022-06-02,392.9744567871094,393.02152050473194,383.22988244769175,385.4706670691487,79609600
2022-06-03,386.52520751953125,389.8204727754395,385.5554591792327,388.276391835389,71874300
2022-06-06,387.7020263671875,392.2400548190691,386.5345416096812,390.517114758432,57508900
2022-06-07,391.42095947265625,391.8728918468309,383.76652548386954,384.22788209472355,59272400
2022-06-08,387.1653747558594,391.4963000067229,386.3745146420819,389.7168432014017,64350000
2022-06-09,377.9575500488281,387.65503442529234,377.9575500488281,385.395429483755,86289800
2022-06-10,366.9983215332031,372.6285269294592,366.9512578167044,371.78117890548924,132893900
2022-06-13,353.0640869140625,359.47572843382756,351.4635182270805,357.63038818463684,170004900
2022-06-14,352.0001525878906,355.8320813809722,348.9120201197082,354.80584530354247,104011800
2022-06-15,357.0184020996094,361.4434545749502,350.3525363114145,355.28600909693944,125666800
2022-06-16,345.2025146484375,349.24157577546,342.7828419203488,348.83673585883366,134473300
2022-06-17,345.9466552734375,349.27508426837926,342.4575241953979,345.61572844834046,111113900
2022-06-21,354.6554260253906,356.03595201089433,351.5728544262298,351.64851628810544,76811900
2022-06-22,354.01239013671875,358.10670044343743,350.0315148923091,350.4475684991193,90059400
2022-06-23,357.4826354980469,358.2107149131913,352.594048691356,356.1399405915164,79292100
2022-06-24,368.848388671875,368.85785361765244,360.6124718749588,360.64083785574906,98050300
2022-06-27,367.43951416015625,370.05873603154885,366.3521130366236,369.7656112640716,66009600
2022-06-28,359.9316711425781,371.7607760766396,359.8182072157404,368.99025938902804,86548900
2022-06-29,359.6385803222656,361.4635259830783,357.82309960843037,360.48015261997824,65676000
2022-06-30,356.7167663574219,359.94116789384236,352.2820347335468,355.7617301279105,112508300
2022-07-01,360.4896240234375,360.9246076353703,353.45457064095484,356.06435688635764,74839700
2022-07-05,361.1704406738281,361.1893705698523,352.6035661740261,355.4213793094931,81438000
2022-07-06,362.3902282714844,364.8676206487518,358.9388985354465,361.31226305640257,70426200
2022-07-07,367.8177490234375,368.61202540572873,362.4090803527021,364.15839292566767,64525900
2022-07-08,367.5151672363281,369.3779436355089,364.6689887193885,366.191344484654,72397800
2022-07-11,363.3168640136719,365.81315719235283,362.6265865895648,364.84868487322194,58366900
2022-07-12,360.10186767578125,365.1417783353174,358.3620201292297,362.7683853874002,62219200
2022-07-13,358.2107238769531,361.1325642695577,354.2677081449695,354.68376178018957,84224600
2022-07-14,357.3407897949219,358.41872587951195,350.8447207380731,353.27481661524047,89704800
2022-07-15,364.1678466796875,364.2813106084498,359.82767826526884,361.7282567851243,79060400
2022-07-18,361.16094970703125,367.91231341217645,359.94115471730987,367.2409659059459,63203600
2022-07-19,370.9192199707031,371.48656848607965,364.413714078224,365.0661316858812,78506000
2022-07-20,373.283203125,374.6921241030142,369.7467753994989,371.1084004946054,71843800
2022-07-21,377.0843200683594,377.1315870823754,370.3140272958178,372.70632110715457,64903900
2022-07-22,373.5857849121094,378.398739668535,371.373151393961,377.20733937817687,72197300
2022-07-25,374.0396728515625,374.89068131119404,371.80810941835625,374.20986877217916,53631500
2022-07-26,369.61431884765625,372.61176321867686,368.7254796625264,372.40373641244344,52946400
2022-07-27,379.21185302734375,380.95170043904375,372.60229122410834,372.89541596509065,82342100
2022-07-28,383.9681701660156,384.6584187925759,376.4792322767679,380.01568879561586,73966600
2022-07-29,389.56591796875,390.5493202190506,384.63003453579483,385.39594499465454,87003700
2022-08-01,388.412353515625,390.90867586229285,386.1713539150999,386.88053246496474,69997500
2022-08-02,385.849853515625,390.5209784232061,384.67735424307455,386.85215686600816,63435400
2022-08-03,391.89202880859375,393.05506301560587,387.6842250670768,387.96788490865407,67820600
2022-08-04,391.62725830078125,392.4971676933185,389.9914096457841,391.81635523733325,45656600
2022-08-05,390.96539306640625,391.608374668419,387.3060365044083,387.3627684777301,56814900
2022-08-08,390.5114440917969,394.8894434033857,389.4145780273554,392.64844425670384,53886100
2022-08-09,388.9607849121094,390.2845790454968,387.8922846576991,389.78342737869485,44931800
2022-08-10,397.1304626464844,397.2723214201462,394.03845502715103,395.9863295063462,68665700
2022-08-11,397.1304626464844,401.8205168538203,396.3929182209303,399.9671764150068,59489700
2022-08-12,403.8535461425781,403.95754514425806,398.11392088393785,399.0594922732407,61694500
2022-08-15,405.5176696777344,406.03775117563913,401.593554788117,401.6502867542093,54048300
2022-08-16,406.31195068359375,408.2314590393534,403.6454330101121,404.4491742905428,59289000
2022-08-17,403.427978515625,406.12286241940274,401.43283697746534,402.7282650065522,63563400
2022-08-18,404.6004943847656,405.28127797974213,402.3405652552225,403.62652829890396,49023200
2022-08-19,399.1634521484375,402.1136297635589,398.29351392155985,401.8488709739081,68016900
2022-08-22,390.8519287109375,394.52075021683424,389.9536243733682,394.3505254404988,77695600
2022-08-23,389.9063415527344,392.80925244544267,389.35789402468396,390.42639423875585,49105200
2022-08-24,391.154541015625,392.5161373089439,388.99863933775816,389.6794230561428,49177800
2022-08-25,396.67657470703125,396.7238417233846,391.55156621776786,392.6389673027772,50942300
2022-08-26,383.2494812011719,397.102094248587,383.1927492346699,396.5631405668187,103087000
2022-08-29,380.71539306640625,383.75066898657906,379.36323297639854,380.3088043159643,65370800
2022-08-30,376.5359191894531,382.1053477002366,374.44621480785787,381.8689548878579,85652400
2022-08-31,373.6708984375,379.4010588054785,373.53853344707875,378.1623625816232,76029700
2022-09-01,374.8433532714844,375.18374505731157,368.8106043103933,371.50548804103204,78740100
2022-09-02,370.8908996582031,379.70363162679985,369.08485490441115,378.4933014446806,99632100
2022-09-06,369.491455078125,372.66856083501824,367.2788216710287,371.7324544703169,76637400
2022-09-07,376.1293029785156,376.8952133261025,368.9618861280906,369.1793490313916,70964200
2022-09-08,378.5877990722656,379.0416547769603,372.6685141668355,373.86940805077325,80821700
2022-09-09,384.4692687988281,385.329742082949,380.5545900462263,380.81934883699086,76706900
2022-09-12,388.6014404296875,389.3200838556924,386.22804721967884,386.5306369628963,69256300
2022-09-13,371.7039794921875,381.15968983868663,370.5882125968697,379.95879615649693,122947100
2022-09-14,373.1224365234375,374.6353563576037,369.8318380483669,372.9995076387831,85023700
2022-09-15,368.88623046875,374.4083627921359,367.6191685285438,371.5716492033494,87633800
2022-09-16,366.07208251953125,366.7272091723702,362.7964492553366,364.72387185360486,103084800
2022-09-19,368.910888671875,368.910888671875,362.8628623346067,362.9388349935968,73278500
2022-09-20,364.6763610839844,366.6037545982577,361.9324497442443,365.5973340819425,77274900
2022-09-21,358.3149719238281,369.63246357967904,358.30546809821095,366.5941948401459,106746600
2022-09-22,355.3052062988281,359.1789716401422,354.5646322346763,357.54590716854085,89472600
2022-09-23,349.3521423339844,351.8871721443201,344.9276764863623,351.849185813524,122346900
2022-09-26,345.8960876464844,351.4978686011886,344.68078591741266,347.88994974224795,92581200
2022-09-27,345.0130920410156,351.6782582118454,342.6299498244517,349.4185498276247,108294100
2022-09-28,351.8017272949219,353.4822530130937,344.2725525183402,345.9625820630532,110802200
2022-09-29,344.45294189453125,348.55456731120603,341.51912810704937,348.2697422736175,112952300
2022-09-30,339.1264953613281,347.4152519853497,338.9935866635343,343.51297496490554,153711200
2022-10-03,348.0798645019531,349.9218104770214,341.0538996463219,342.8293767828373,89756500
2022-10-04,358.86566162109375,358.8941441243227,348.0418757679158,353.57718804598346,103602800
2022-10-05,358.0302429199219,360.28044827080936,352.2006000462184,354.5172742494744,88065700
2022-10-06,354.3367919921875,359.57777574073987,353.8430566051313,356.6344579970455,82333500
2022-10-07,344.45294189453125,354.42222386124985,342.69644356252195,350.32056946949496,107789500
2022-10-10,341.8229064941406,345.80112674980717,339.5917095898351,345.5637629110446,76042800
2022-10-11,339.658203125,344.68083086003986,337.7308096086358,340.1329308775536,92482800
2022-10-12,338.53778076171875,341.6330143237362,338.2909131107378,340.0664188676814,76991800
2022-10-13,347.47222900390625,348.934398580659,330.5149387795829,331.55934562012055,147254500
2022-10-14,339.5537414550781,351.5453678678568,338.91759358407694,349.9217782616768,123737000
2022-10-17,348.27923583984375,349.38060757787383,339.221423235325,345.61126849106756,93168200
2022-10-18,352.37139892578125,356.4730533438476,348.94384975105197,356.1692206517508,97162900
2022-10-19,349.87432861328125,353.05501012296355,347.0734234834684,350.33955250549025,79746900
2022-10-20,346.94049072265625,353.83354599069514,346.18090904052775,349.4280591595853,88283100
2022-10-21,355.3717041015625,355.8559066992739,345.1650575657833,346.6651844936338,131038400
2022-10-24,359.72015380859375,360.85000802447814,354.251281568688,356.89079533106695,85436900
2022-10-25,365.46441650390625,365.77772406360737,359.53031974752065,359.64424976923016,78846300
2022-10-26,362.71099853515625,367.9899690715865,362.0748795431326,362.3312221104294,104087300
2022-10-27,360.77410888671875,365.54036503352893,360.15693963581714,363.70792288491305,81971800
2022-10-28,369.357177734375,369.83190549665636,360.4892666119688,360.66966547964233,100302000
2022-10-31,366.6891784667969,368.76848820462624,365.78721318114583,366.90756364967945,96631300
2022-11-01,365.0845947265625,370.65792248879427,363.91678308143315,370.42055862920466,85407600
2022-11-02,355.9223937988281,368.98691130694584,355.81796759742275,364.49597616975944,126990400
2022-11-03,352.25750732421875,355.2862727989772,350.1497148774445,352.69424875731005,87100100
2022-11-04,357.3276062011719,359.72022378402096,351.29855759340336,357.94474652084614,103505200
2022-11-07,360.74560546875,361.33426320464076,356.5489996813044,358.61880558333354,68286900
2022-11-08,362.69195556640625,365.654251719313,358.62828769445593,361.8469263692216,84641100
2022-11-09,355.21978759765625,361.87547986372505,354.7260521981255,360.7266178571878,78495500
2022-11-10,374.7406311035156,375.07294635677823,366.1480695589153,368.4362320447595,141455800
2022-11-11,378.3674621582031,379.16500117805555,373.7151077464471,375.59503977722073,93839900
2022-11-14,375.1488037109375,379.95304559781977,374.873453538742,376.6109731037082,71903500
2022-11-15,378.3484802246094,381.9754068751759,374.5506585528321,380.8740351133509,93194500
2022-11-16,375.4622497558594,377.6744686794127,374.83560554755684,376.72501302593986,68508500
2022-11-17,374.3133544921875,374.98748880867356,370.420609836842,370.7244135980539,74496300
2022-11-18,376.0128173828125,377.7028468199875,373.17395503541496,377.6363779885907,92922500
2022-11-21,374.6456298828125,375.81347054023524,372.81318778240984,374.693120041292,51243200
2022-11-22,379.6872863769531,379.84870657702646,375.1773723038927,376.5825770145296,60429000
2022-11-23,382.0799560546875,382.5641587339301,379.127133911253,379.35499399560246,68261600
2022-11-25,381.9944763183594,382.54517681766396,381.2444272220214,381.51974849658694,30545400
2022-11-28,375.89892578125,380.5512518780544,375.13934400569946,378.9181872794732,67881600
2022-11-29,375.2533264160156,377.218677377997,373.4208551885378,376.031857943791,52310000
2022-11-30,387.073974609375,387.073974609375,373.59172517191445,375.50011084303225,144566700
2022-12-01,386.7892150878906,389.2767840474977,384.29214230054805,388.10894326432475,76398200
2022-12-02,386.3429870605469,387.2449525080735,381.8140942164224,381.91852042583764,85342700
2022-12-05,379.3928527832031,384.46294078102943,378.0446424372864,383.53249309935995,77289800
2022-12-06,373.9240417480469,379.7726910257881,371.8447608883039,379.23152341918535,77972200
2022-12-07,373.2879333496094,375.64259345528575,372.15807896997796,373.0790519775326,65927900
2022-12-08,376.2122497558594,377.27563531293924,373.3923656741001,375.16787185342383,60737900
2022-12-09,373.4018249511719,377.5224579807687,373.2783911110442,374.9779244191876,81447700
2022-12-12,378.7852783203125,378.7852783203125,373.52528680664847,374.1898882628355,75405800
2022-12-13,381.6526184082031,389.74196862339903,378.89920332598314,389.48562607620295,123782500
2022-12-14,379.2125244140625,385.00420881267286,376.27871036892407,381.31081297545614,108111300
2022-12-15,369.9363098144531,375.2722444929256,368.28426670085497,374.37025027855924,117705900
2022-12-16,365.56878662109375,368.72591299649264,363.44179709016913,367.39057737229774,119858000
2022-12-19,362.4689636230469,366.09348006584634,360.8093339319744,365.759638812042,79878100
2022-12-20,362.9649658203125,364.57691637638356,360.3991997450581,361.71546981883347,74427200
2022-12-21,368.3921203613281,369.5176155105315,365.0156058055829,365.5497400834467,78167400
2022-12-22,363.1365966796875,368.3730338595665,357.4613834622674,365.35897373224327,100120900
2022-12-23,365.2254638671875,365.36853035773834,360.57083998702353,362.1160163012456,59857300
2022-12-27,363.7851867675781,365.45436371312377,362.1160098220325,365.11100414194533,51638200
2022-12-28,359.2640380859375,365.6832248851814,359.03513175167194,363.7183387862585,70911500
2022-12-29,365.73101806640625,366.5989936653744,361.57236734542374,362.09698333590643,66970900
2022-12-30,364.7676086425781,364.91067512789425,360.9523471240934,363.0603000709137,84022200
2023-01-03,363.23199462890625,368.5828851543406,360.38006673429567,366.61802772104494,74850700
2023-01-04,366.03619384765625,368.05827776448973,362.4498387600588,365.48296463530903,85934100
2023-01-05,361.85845947265625,364.20483700123856,361.26709863365966,364.0903838205467,76970500
2023-01-06,370.15667724609375,371.27265410068173,361.8871138136949,364.93930570815047,104189600
2023-01-09,369.9468078613281,375.5171151232303,369.76560972422254,372.3408937056104,73978100
2023-01-10,372.54119873046875,372.60797279309605,368.43025676671084,369.3650063190875,65358100
2023-01-11,377.2530212402344,377.3293427656513,373.30424098984014,374.11498982562864,68881100
2023-01-12,378.62652587890625,380.0858621719183,374.29622523133014,378.34994039060064,90157700
2023-01-13,380.095458984375,380.6677540792538,375.1737677414377,375.44083490462947,63903900
2023-01-17,379.399169921875,381.74557694149377,378.7219690868492,380.07639986503904,62677300
2023-01-18,373.4091491699219,381.64058001364293,373.20885610361194,380.5818589835857,99632300
2023-01-19,370.6908264160156,373.01810918357603,369.37455652309,371.3775455516614,86958900
2023-01-20,377.59649658203125,377.749110559771,370.442880108768,372.0834439842953,91806400
2023-01-23,382.1270751953125,384.05377185885095,377.443838004556,378.3976534216192,84178800
2023-01-24,381.7169189453125,382.6230260729778,379.27515395089165,380.45787568340137,59524900
2023-01-25,381.8599548339844,382.1937960050659,375.3835409042795,377.66317340531896,84800300
2023-01-26,386.0567932128906,386.2189546426973,381.55478324321655,384.5116168819161,72287400
2023-01-27,386.9438171386719,389.3092897646847,384.80727999784443,385.01712054618537,68346200
2023-01-30,382.08892822265625,386.41925852273624,381.79324776134285,384.1968522201886,74202000
2023-01-31,387.7068786621094,387.75455778693544,382.2605719895161,382.6039606559222,86811800
2023-02-01,391.82733154296875,394.5648060301805,383.7676093537023,386.49550726473996,101459200
2023-02-02,397.5311584472656,398.9904947612399,393.8112844222463,395.69982017672226,101654500
2023-02-03,393.3057861328125,397.71240862486854,392.1039694138387,392.58087711398565,94736800
2023-02-06,390.90216064453125,392.294752115139,389.2520785976726,390.8640289856019,60295300
2023-02-07,396.01458740234375,397.2545356824887,388.74651927787886,389.98646755802383,90990700
2023-02-08,391.6842346191406,395.3850425222963,390.99748646073925,394.0497069665525,76227500
2023-02-09,388.2887268066406,395.4232768287697,387.06784419886776,395.27066286428095,78694900
2023-02-10,389.1948547363281,389.57637508525863,386.304795158678,387.115514984604,70769700
2023-02-13,393.7636413574219,393.8971894997695,389.38563169094465,389.84347361138623,64913500
2023-02-14,393.5823974609375,395.8810669412816,389.6431352333331,392.24703262517374,88389300
2023-02-15,394.8605041503906,394.9367965737248,390.55878744301873,391.3981496403728,61555700
2023-02-16,389.4237365722656,393.83990637535055,389.2902175572194,389.9101917236614,76431500
2023-02-17,388.4508972167969,388.6893510840452,385.38912860346915,387.3063070107498,89257800
2023-02-21,380.6581726074219,385.4940235203808,380.40065293639157,384.4448207915137,82655900
2023-02-22,380.1336364746094,382.6040151198372,378.68381828938857,381.06835703282917,83742300
2023-02-23,382.1556396484375,383.6245233532482,377.94931070384274,383.0140675924474,96242400
2023-02-24,378.0733337402344,378.9031484388594,375.4598889913447,377.15767915293793,108194400
2023-02-27,379.3609924316406,382.7565727740271,378.42624290281987,381.4021421594611,80444700
2023-02-28,377.95892333984375,380.83943554893773,377.85398850305495,378.8841254999914,96438600
2023-03-01,376.5090637207031,378.36901530523187,375.21188881048784,377.1481328157973,99706800
2023-03-02,379.4372863769531,380.2766485518157,374.2103677204858,374.54420891841545,85127800
2023-03-03,385.52264404296875,385.770645358477,380.6009531474197,381.2495406253721,90120000
2023-03-06,385.7897644042969,388.63214513183675,385.3510174155289,386.34296459812265,72795900
2023-03-07,379.8760681152344,385.9805102708599,379.26564136455426,385.74205640878506,108310600
2023-03-08,380.4960021972656,381.2494953064361,378.27359630662346,379.99048126599143,74746600
2023-03-09,373.4759521484375,382.93781363415775,372.4935234600931,381.2781550603871,111945300
2023-03-10,368.0868835449219,375.00204480111273,366.57032063826443,372.9322526934048,189253000
2023-03-13,367.562255859375,372.3599748381927,363.06979387547824,364.17622313398334,157790000
2023-03-14,373.63818359375,375.27874753794316,369.1743046054117,372.4649799641,149752400
2023-03-15,371.30120849609375,371.50150155324764,365.9884504368566,368.06778985522413,172996900
2023-03-16,377.8157958984375,378.1591845711939,368.4493509964938,368.95487198316505,143254200
2023-03-17,373.39813232421875,377.62051539098667,372.019393803673,376.49072469808146,140553400
2023-03-20,376.98858642578125,377.4003145707897,373.47474047713115,374.17366441642594,93055800
2023-03-21,381.9385986328125,382.41732640991324,378.75025527455585,380.33963500083723,91524200
2023-03-22,375.4278564453125,385.36624906123177,375.38957926372757,381.7662363043328,111746600
2023-03-23,376.44287109375,382.3024953130758,373.7428390023417,378.28116967824513,119351300
2023-03-24,378.9130554199219,378.9992229180059,372.8332064884797,375.169400500622,107682400
2023-03-27,379.6215515136719,381.9481907671168,378.73112484169525,381.18220877571866,74010400
2023-03-28,378.7694396972656,379.6215599838787,376.9406960022324,378.9321907858517,62871700
2023-03-29,384.2748107910156,384.51417469094537,381.7183914833068,382.9152109829554,77497900
2023-03-30,386.5248107910156,387.14715104431514,384.66734471738545,386.8982032553057,69840000
2023-03-31,391.9727783203125,392.26958723104974,387.3386673117375,387.4440026260915,112062600
2023-04-03,393.4664306640625,393.8685456943349,391.0632075126421,391.45576785501316,67391100
2023-04-04,391.2833557128906,394.39508611708817,389.914172128434,394.107831932859,66601500
2023-04-05,390.25897216796875,391.31217934389673,388.6121470981262,390.55578111492605,65200200
2023-04-06,391.7812805175781,392.05895083799805,388.4206018294357,389.4642249836437,63743300
2023-04-10,392.1834411621094,392.26005398593924,388.6983173778572,389.311073872341,63681000
2023-04-11,392.2886657714844,393.6865426099203,391.5227130647525,392.80569991910096,59297900
2023-04-12,390.68975830078125,394.63450004221784,390.1057243914606,394.3472458215589,86420400
2023-04-13,395.8791809082031,396.2334348165877,390.6323135315357,391.7716880699347,85814800
2023-04-14,394.9121398925781,397.4302528676945,392.6142522306835,395.2472552060106,78161500
2023-04-17,396.3291320800781,396.34827067116134,393.6003780607341,394.8259199321895,66436400
2023-04-18,396.58770751953125,398.0334749409728,395.21855291496564,397.89941712105417,63560000
2023-04-19,396.52069091796875,397.42067233366515,394.62491824072464,394.68236324131743,55227300
2023-04-20,394.3568420410156,396.0994183553833,392.815323233928,393.7153338921518,75840400
2023-04-21,394.6632385253906,395.122798546293,392.719604685716,394.6536546185458,73457400
2023-04-24,395.0749206542969,395.4962034683657,393.1312868972539,394.46213502684145,64332100
2023-04-25,388.8035888671875,393.667480074213,388.74614386404556,393.11213941820307,97766700
2023-04-26,387.1567687988281,390.48872511908525,386.6014573550663,389.4163794213185,80447000
2023-04-27,394.8642883300781,395.1323747434497,389.4355019352683,389.6844497545518,92968400
2023-04-28,398.23455810546875,398.2441420130027,393.9260072843417,393.983452291085,89433100
2023-05-01,397.8323974609375,399.85261481140054,397.6025882410736,397.7940910544224,62122300
2023-05-02,393.3611145019531,397.1717988833843,390.46960867294274,397.1239085646286,103998500
2023-05-03,390.66107177734375,396.26219357490066,390.421707847698,393.8589703711037,91531800
2023-05-04,387.89404296875,389.94298302849234,386.56316548431346,389.6174515879438,94901900
2023-05-05,395.0749206542969,396.11854378303155,391.25468204681897,391.51318454758655,87891800
2023-05-08,395.18023681640625,395.6589646428425,393.7823597445963,395.4004621354889,50046800
2023-05-09,393.4471740722656,394.55782593731584,393.2173941068147,393.6386768562897,49220100
2023-05-10,395.28558349609375,396.9036859335044,391.4748993691881,396.2717616781344,96142900
2023-05-11,394.59619140625,394.8834164060592,392.52808374994316,394.42385640636445,70157100
2023-05-12,394.0791320800781,396.04193351781123,391.6663545777214,395.83129212496243,70481500
2023-05-15,395.43878173828125,395.84089676313823,392.77705610324665,394.68238356588824,54289400
2023-05-16,392.796142578125,395.2568103742265,392.7865586723953,394.3376320009185,57705500
2023-05-17,397.56427001953125,398.16744245894745,393.1695526455843,394.8067934195903,87287000
2023-05-18,401.3941345214844,401.81541733647197,397.02813918363745,397.24833527836256,97177200
2023-05-19,400.8100891113281,402.82075186824875,399.5941309256764,402.29416293584904,103793300
2023-05-22,400.9728088378906,402.5047435268616,399.5940705397391,400.8291963525048,60745400
2023-05-23,396.4728088378906,400.9058331974647,396.0802485128697,399.33559189738094,86383500
2023-05-24,393.60040283203125,395.256811470501,392.44188978529047,394.87383509017286,89213700
2023-05-25,397.00897216796875,398.4547395231807,394.86428090134467,397.09513966858555,90961600
2023-05-26,402.15057373046875,402.8686655789213,397.58352009323403,397.66010370060684,93830000
2023-05-30,402.3036804199219,404.60156797851874,400.9249420409186,404.074979094816,72216000
2023-05-31,400.0728759765625,401.38458562978974,398.5122184875182,400.4845749210063,110811800
2023-06-01,403.8738708496094,404.9270777038864,399.057871034309,400.3025514498588,88865000
2023-06-02,409.71441650390625,410.4995078956091,405.9133165725639,406.43990546910896,91426200
2023-06-05,408.9293212890625,411.34209905139056,408.23036813311154,410.0591119636998,65460200
2023-06-06,409.8196716308594,410.3462604619185,407.8664542526655,408.51754619154525,64022200
2023-06-07,408.4026794433594,411.3420751836078,407.9813966367141,410.21228457452565,85373300
2023-06-08,410.87298583984375,411.32299120581996,407.7038096821584,408.4697625854569,61952800
2023-06-09,411.6101989746094,413.6112778783288,410.6240207738437,411.66764397898567,85742800
2023-06-12,415.34423828125,415.4208510939883,411.86869890795646,412.58679062643665,76104300
2023-06-13,418.0826110839844,418.724090042695,416.13897717424237,416.79962394733377,95899700
2023-06-14,418.5804443359375,420.38046559122165,415.1431821385499,418.41769324198367,100612100
2023-06-15,423.7698669433594,425.0145475724995,417.6708792659641,417.7666014534157,110303100
2023-06-16,422.326416015625,426.31461080665895,421.8555294193706,425.74761712421093,114165800
2023-06-20,420.1353454589844,421.2789524290957,418.0691749032241,420.3948375467811,76160400
2023-06-21,417.982666015625,419.9527293765365,417.3964332987813,419.15510212154635,76982300
2023-06-22,419.491455078125,419.59715234538584,416.69490598831976,417.0312661321085,70637200
2023-06-23,416.320068359375,418.09794671553647,415.60892874801584,416.0509861285015,92074500
2023-06-26,414.6191101074219,417.66550238868285,414.3788570549921,415.75309747622674,72823600
2023-06-27,419.1647033691406,419.77973592551575,415.0419528273242,415.493629733563,72813700
2023-06-28,419.3761291503906,420.3851802319676,417.47331443133595,418.0883469905335,75636000
2023-06-29,421.0290222167969,421.1924071877769,418.55924326128763,418.962851943863,67882300
2023-06-30,425.9975280761719,426.97775005705444,423.9121184961037,424.2292689763498,104964000
2023-07-03,426.4875793457031,426.76625174608176,425.37280176090064,425.6515034890419,32793400
2023-07-05,425.8533020019531,426.58368059216104,424.6712465458686,424.68086605187517,58418400
2023-07-06,422.5186462402344,422.94149397333916,420.0200085430969,422.2880126868195,80658300
2023-07-07,421.451904296875,425.3824701498979,421.21165123791485,421.52880169929125,86134200
2023-07-10,422.5186462402344,422.69162140529556,420.52934385873226,421.0963375627214,62443500
2023-07-11,425.20941162109375,425.6995371839706,422.30716559567895,423.2777972154116,64463800
2023-07-12,428.63067626953125,430.03377528061355,427.5639667416878,428.98627543991233,91924500
2023-07-13,432.0325927734375,432.8206297257895,430.00487134114815,430.4373091849304,72425200
2023-07-14,431.7635803222656,433.76247288793445,431.00437243683245,432.9168067475371,69815800
2023-07-17,433.2627868652344,434.3102867651178,431.5713958126242,431.6194640248455,52680200
2023-07-18,436.48211669921875,437.1259784249401,432.5035122667073,432.9359794712025,80668200
2023-07-19,437.45269775390625,438.634723807971,436.40516880891107,437.2701031178253,65891700
2023-07-20,434.5505065917969,437.35667523001575,433.8393669208048,436.4629408876448,70591600
2023-07-21,434.5505065917969,436.4629408876448,434.54091641230104,436.26110720174216,71275600
2023-07-24,436.4917297363281,437.298976422026,434.6657831913127,435.6940732292396,54023400
2023-07-25,437.68341064453125,438.93271480747865,436.1746144107411,436.2226826187103,55191200
2023-07-26,437.7507019042969,439.1729812727202,435.70374110756154,436.7512409467643,71052900
2023-07-27,434.84832763671875,441.5273730311084,433.9449739748881,441.12373507098323,92194400
2023-07-28,439.105712890625,439.93216931576706,434.8484065015939,438.1062519781901,80011800
2023-07-31,439.94183349609375,440.2974033582614,438.26965213423165,439.5766441259426,62040400
2023-08-01,438.682861328125,439.42283016702106,437.7314393035273,438.48102764934566,55291500
2023-08-02,432.5804138183594,435.8382298320832,431.83082549706114,435.57876710355214,93933400
2023-08-03,431.34075927734375,433.214745002421,429.92807001647094,430.5719611647709,64276100
2023-08-04,429.389892578125,435.2424538180626,428.8709377374494,433.14745409560885,100128900
2023-08-07,433.1378173828125,433.2915828601554,430.523862923515,431.2157929076751,58357500
2023-08-08,431.2541809082031,433.1281662387976,427.9098482341965,430.6102898954453,71361300
2023-08-09,428.37127685546875,431.68678136313656,427.6120688484807,431.5233963510869,78789600
2023-08-10,428.52496337890625,434.08923235537964,427.3621468022029,430.71607007168745,93005500
2023-08-11,428.27508544921875,429.28416586620887,426.06476909769503,426.6605919753528,68690900
2023-08-14,430.63916015625,430.63916015625,427.0546034425639,427.3621343832933,47867400
2023-08-15,425.6227111816406,429.22650696420783,425.0556881700834,428.87090781167177,75707500
2023-08-16,422.49945068359375,426.8624252963623,422.39372408289853,425.2094830101528,80107200
2023-08-17,419.28009033203125,424.2196786069941,418.7611354463807,423.96021582805366,95711300
2023-08-18,419.4818420410156,420.510132174717,416.1279187140494,416.4738690425287,98852000
2023-08-21,422.2111511230469,422.9511200549091,418.3478921365852,420.49093085043074,68719000
2023-08-22,421.0675048828125,423.9793707816351,420.5101306907519,423.9793707816351,64994200
2023-08-23,425.75726318359375,426.3723251113796,421.98049201554073,422.1246379899384,68441000
2023-08-24,419.8566589355469,427.861878130185,419.82780041318796,427.35254280721006,88517300
2023-08-25,422.8165588378906,424.09469222022517,418.0403268045078,421.5768448293855,102325100
2023-08-28,425.4977722167969,426.1128047760357,422.8165399597136,424.99802710166506,61595400
2023-08-29,431.6482849121094,431.9269866887697,425.20949081985793,425.3920855016939,83081900
2023-08-30,433.4261474609375,434.0604190699575,431.2830795696017,431.9846290752829,69053900
2023-08-31,432.7918701171875,435.17516171345255,432.6092754445361,434.04117430376084,66084600
2023-09-01,433.5990905761719,435.9824113556043,432.1479527903315,435.5019052625726,58944100
2023-09-05,431.7251281738281,433.474177484678,431.65787960630774,433.15705635053166,55166200
2023-09-06,428.8229064941406,431.0236328565703,426.50686334901025,430.9179062539162,70758500
2023-09-07,427.50628662109375,428.17897757007677,425.4881551186145,425.83410543618885,70355400
2023-09-08,428.150146484375,429.67815236910445,427.19875378748577,427.5543236104539,61659700
2023-09-11,430.9659729003906,431.27347454388655,429.0631580094359,430.7641392036296,60180100
2023-09-12,428.6018371582031,431.04281644605425,428.02525327961035,429.5244300194834,67565400
2023-09-13,429.1015625,430.25475953176647,427.72729277869223,428.8228607530232,60199300
2023-09-14,432.80145263671875,433.4933826135289,430.2643956069254,431.56176797941515,83430800
2023-09-15,427.5869445800781,431.5506524245771,427.15298130374185,431.22275924982887,111848900
2023-09-18,427.837646484375,429.1299415798166,426.8057293230556,427.27827686575546,55752200
2023-09-19,426.950439453125,427.50980914474906,424.2790562688864,426.92150856778005,66514600
2023-09-20,423.0253601074219,428.6188806317765,422.8228144717151,428.2041947836062,82562600
2023-09-21,416.0334167480469,420.45036521142913,415.8791088874586,420.1899872517448,104095800
2023-09-22,415.0979309082031,418.64692328267273,414.6832156713709,417.05566583396023,100829700
2023-09-25,416.84356689453125,416.88212179144216,413.4585058081921,413.8924985638014,70874500
2023-09-26,410.7195739746094,414.51932063009883,409.8901728584851,413.8152964968598,96168400
2023-09-27,410.88348388671875,412.44583993852024,407.257352172029,411.8864702649676,104705800
2023-09-28,413.2655334472656,414.93395949847536,409.7454720420047,410.33377256481566,92258300
2023-09-29,412.26263427734375,416.47706688820205,410.74851586552904,416.30348156781014,115111300
2023-10-02,412.0986022949219,413.34268907348576,409.350050801858,411.4331625829839,83798600
2023-10-03,406.58221435546875,412.15645644629615,405.22240407493666,409.92869029746174,103760600
2023-10-04,409.5429992675781,410.28557828924926,405.58894477181923,407.0452013606301,87453000
2023-10-05,409.388671875,410.22769695288724,406.17722598529116,409.25364146047264,70142700
2023-10-06,414.249267578125,415.7826633161712,405.62751083875975,406.9487369471333,113273300
2023-10-09,416.9013671875,417.47036086082164,411.80932558041656,412.3590123769111,80374400
2023-10-10,419.0713195800781,421.6559102852364,417.13286183560047,417.528270249864,78607300
2023-10-11,420.7879333496094,421.0386578835823,417.7596966141307,420.13214698196236,62451700
2023-10-12,418.22259521484375,421.7715876841516,415.8791053042313,421.39548619007036,81154200
2023-10-13,416.1395263671875,420.91332876659834,414.57719959828006,419.7174500912721,95143100
2023-10-16,420.5179138183594,421.57876204965237,418.13583937540864,418.3769399083744,75433200
2023-10-17,420.4985656738281,422.54312271495667,417.0556727686725,417.40284337508905,75324700
2023-10-18,414.8953857421875,419.68846496991176,413.8152601862858,418.733716385894,93559800
2023-10-19,411.2499084472656,417.41245091445234,410.5748447541702,415.60902401214975,121323000
2023-10-20,406.196533203125,411.3560904558305,406.0904336651891,410.81602762056735,123919900
2023-10-23,405.49249267578125,409.3404770106009,402.92717959630676,404.67274501676764,92035100
2023-10-24,408.5496520996094,409.69729291312706,405.7625160007192,407.60452747929617,78564200
2023-10-25,402.68603515625,406.9004965329498,402.1749032838704,406.8715656507854,94223200
2023-10-26,397.864013671875,402.47385382688697,396.9478494758642,401.6252048310319,115156800
2023-10-27,396.06060791015625,399.8410767152927,394.64293578713176,399.4456683619361,107367700
2023-10-30,400.7958679199219,401.84706268429056,397.54583752991965,398.8381328209202,86562700
2023-10-31,403.3129577636719,403.63119749728736,399.4649734881191,401.36484674476185,79665200
2023-11-01,407.6141662597656,408.4242604346672,403.746904694568,404.27734347074426,98068100
2023-11-02,415.4258728027344,415.58018067597357,411.375372066054,411.3946495135024,94938900
2023-11-03,419.2159118652344,420.75896096668146,417.59572355276106,417.72110052299064,100167800
2023-11-06,420.1803283691406,420.62394506807493,418.24187084518337,419.96815874248256,67831700
2023-11-07,421.3761901855469,422.0126990847071,419.04235365317487,420.1803410344543,64256100
2023-11-08,421.684814453125,422.4949086781329,419.38953276666115,421.97412330805065,61746000
2023-11-09,418.39617919921875,422.86136537152765,417.9718399454001,422.822781049031,83174400
2023-11-10,424.92510986328125,425.23372553682805,418.3864661149629,420.45995375874674,89462200
2023-11-13,424.5201416015625,425.6195446365516,422.8131605648516,423.5943238724324,52236100
2023-11-14,432.7561340332031,434.0387757848984,430.2100985439841,430.43192160638574,97176900
2023-11-15,433.6723327636719,435.31182811938703,432.82365419982955,434.0870186065259,77327600
2023-11-16,434.2027587890625,434.52099852551896,432.16785509736394,433.22870327091186,66665800
2023-11-17,434.7427978515625,435.3503758373704,433.29619481153003,434.2123590781554,83133200
2023-11-20,438.08929443359375,438.9283195268349,434.48241067282527,434.4920641115296,69936200
2023-11-21,437.13446044921875,437.96386142887025,435.87109625162043,437.0476678056294,49244600
2023-11-22,438.8222351074219,440.1338372741124,437.73248545127797,438.78368021370784,59394900
2023-11-24,439.0922546386719,439.285146826889,438.5425678215631,438.8704609965596,29737400
2023-11-27,438.3014831542969,439.275509275739,437.9156987639097,438.46541503211625,50506000
2023-11-28,438.73541259765625,440.02770779834395,437.3563247451927,437.91566497815336,62115000
2023-11-29,438.4267883300781,442.0047410159344,438.0314094012158,440.8763777024274,63146000
2023-11-30,440.153076171875,440.5002762034089,437.2020083442997,439.2658427946925,79752700
2023-12-01,442.75701904296875,443.2874284363199,438.9572723368323,439.5455435028684,89183400
2023-12-04,440.4327697753906,442.7762596678929,438.1664190963143,439.3815750840775,72430900
2023-12-05,440.3460388183594,441.3007875532445,438.67761246102566,439.053743436113,69793500
2023-12-06,438.5714111328125,442.5061578782963,438.1374185115915,442.4772269989622,69124700
2023-12-07,441.9179992675781,442.5641322141357,440.0470567781608,440.6449813906353,66995400
2023-12-08,443.8178405761719,444.3482499376319,440.93425839840177,441.1753589138319,83194400
2023-12-11,445.5440979003906,445.7177126387657,443.11381530650647,443.32598493677364,65002200
2023-12-12,447.5789794921875,447.67542557959507,444.20357245141867,445.1969053461678,68327600
2023-12-13,453.751220703125,454.00197468515915,447.59833015335226,447.95515424703564,93278000
2023-12-14,455.2073974609375,456.86617007826965,452.545638522815,455.6799450229731,119026000
2023-12-15,454.4578857421875,455.7844980857444,452.6180987398149,454.61281921772417,141553700
2023-12-18,457.0142517089844,457.9922563619539,455.00017559306576,456.05563220988086,70375300
2023-12-19,459.7933349609375,459.8708164807692,457.4790843028072,457.5565362720974,55761800
2023-12-20,453.42181396484375,460.81970272542947,452.9957542950649,458.9411749679152,102921000
2023-12-21,457.7211608886719,457.99228710614074,453.98346065798535,456.39454843299563,86667500
2023-12-22,458.6409912109375,460.31618167604864,456.7528004658334,458.8443284649097,67160400
2023-12-26,460.5776672363281,461.4781904417408,458.97026552475677,459.0477470448917,55387000
2023-12-27,461.410400390625,461.5556412930502,459.8417395433534,460.3742993690924,68000300
2023-12-28,461.5846862792969,462.4174204811319,461.16831917837936,461.76866793794215,77158100
2023-12-29,460.2484130859375,461.9139110481109,458.3020963459827,461.39101424995863,122283100
2024-01-02,457.6727294921875,458.66042679258095,455.58117171261154,457.19826599724024,123623700
2024-01-03,453.93505859375,456.2590018309508,453.3347097921151,455.5230751447963,103585900
2024-01-04,452.4728698730469,456.03625125353045,452.2501474553143,453.4605375615008,84232200
2024-01-05,453.0926208496094,455.53275675735284,451.6498156943496,452.67622417899463,86118900
2024-01-08,459.5610046386719,459.70624556760475,453.46061966858514,453.5865049905087,74879100
2024-01-09,458.86370849609375,459.88042430514423,456.41388024759897,456.9173918638988,65931400
2024-01-10,461.4587707519531,462.320582628156,458.8540090718071,459.13482782984977,67310600
2024-01-11,461.2555236816406,462.9694256422812,457.2951303185307,462.4562213568548,77940700
2024-01-12,461.5749816894531,463.4341538308624,460.1709469448806,462.6982272154343,58026400
2024-01-16,459.8804016113281,461.5071586457482,458.0696629366484,460.1999611130578,85014900
2024-01-17,457.3241271972656,457.80828324431627,454.9807989273028,456.8690193310164,68843900
2024-01-18,461.3910217285156,461.9429667160371,457.4500139514087,458.98962663985805,91856200
2024-01-19,467.1427917480469,467.4236105266518,461.43944893766223,462.51426116700225,110834500
2024-01-22,468.1305236816406,469.8444255597238,467.4817415348223,468.6727761250073,75844900
2024-01-23,469.4958190917969,469.7378971314764,467.5882725076425,468.6727773973201,49945300
2024-01-24,470.0090026855469,473.2818726098636,469.5151540811933,472.35230131096756,81765000
2024-01-25,472.56536865234375,472.8364948673133,470.0090399898508,472.1296163726771,72525000
2024-01-26,471.96502685546875,473.6208323517754,471.12260001612924,472.1393159497028,76641600
2024-01-29,475.7026672363281,475.8479376894722,471.73261132928997,472.27486373270614,61322800
2024-01-30,475.3347473144531,476.0415962445669,474.5794354978266,475.0151877688741,58618400
2024-01-31,467.57855224609375,473.58206954437225,467.55916709172027,473.13665425188526,126011100
2024-02-01,473.6982727050781,473.7273208849261,468.4693639281419,469.2730794881658,91891600
2024-02-02,478.6851501464844,480.33126318424115,473.79515572273505,474.1340709086256,99228200
2024-02-05,476.9421081542969,478.7141358274664,474.69564656369516,478.0556906983339,75757100
2024-02-06,478.32684326171875,478.6560658444282,476.45797836644056,477.88139839933996,55918600
2024-02-07,482.3162536621094,482.73262076498764,479.6630584646698,480.56361115879434,70556500
2024-02-08,482.529296875,482.9069232309363,481.5028884042988,482.3162670291635,52343600
2024-02-09,485.3180847167969,485.7538074749057,482.6939373878326,483.0328525667237,63979400
2024-02-12,485.10504150390625,487.54517753380475,484.3884704038274,485.28902318022654,56502300
2024-02-13,478.42364501953125,481.3382739920692,475.1701304413372,478.8593972990049,113099200
2024-02-14,482.7713623046875,483.2555183461787,478.73348791641325,481.0477679790003,68387800
2024-02-15,486.1024169921875,486.28639867423624,482.99411355370677,483.4686066260898,61683000
2024-02-16,483.6815490722656,486.93506329206355,482.9456224770808,485.8021547710952,75532900
2024-02-20,481.0187683105469,482.61647749849317,478.7819695373135,481.94833972980865,71736700
2024-02-21,481.4544677734375,481.6094012609107,477.92013439516916,479.7212103303219,59293400
2024-02-22,491.4183349609375,492.37695437493585,487.08028660722704,488.0389355717621,76402500
2024-02-23,491.75732421875,493.9650747069926,491.03109011668937,493.1323109036816,61321800
2024-02-26,489.95623779296875,492.62878868752523,489.83035248988597,492.19303641539864,50386700
2024-02-27,490.866455078125,491.089177503547,488.75554175218684,490.6437622032437,48854500
2024-02-28,490.21771240234375,490.798676044666,488.9588888927158,489.3171596556616,56506600
2024-02-29,491.97998046875,493.5873820410347,489.33650744640795,491.9703174424767,83924800
2024-03-01,496.5987854003906,497.024845044297,492.44474819810887,492.8514522402148,76844800
2024-03-04,496.0662536621094,497.9060702059494,495.77577186599717,495.80484959614716,49799300
2024-03-05,491.1085510253906,494.5170287187888,488.910493074669,494.0715838516931,72855600
2024-03-06,493.59710693359375,495.84359816125266,492.3092648064121,494.37174481528393,68382400
2024-03-07,498.49676513671875,499.54255878511856,493.65520448812254,496.8797004283906,58652100
2024-03-08,495.5046691894531,501.7986682913954,494.9333685962926,499.12617653924883,86532500
2024-03-11,495.0786437988281,495.65963700941484,492.3867371553007,494.30400588507405,62557200
2024-03-12,500.4043884277344,500.9853520856395,494.67193786467755,497.17989237365043,73114400
2024-03-13,499.6199951171875,500.89817425614416,498.1869120376378,500.7238851600706,55104100
2024-03-14,498.63232421875,500.7432374898184,495.60150263891603,500.5882744583001,110171800
2024-03-15,495.2084045410156,497.0247990949515,493.5474544938414,495.57751113868864,107646300
2024-03-18,498.1514892578125,500.6963445921207,497.7435511886848,499.2588090158661,88893300
2024-03-19,500.9198913574219,501.20155305830843,496.4615026199407,497.46199154104403,60755300
2024-03-20,505.5529479980469,505.688947116047,500.30785211015336,500.9780657234889,69594600
2024-03-21,507.2236328125,509.0788290865272,506.9419118942698,508.37950670617295,60256100
2024-03-22,506.26202392578125,507.62183717523607,506.0288571860112,507.13617688228,79070800
2024-03-25,504.8633728027344,506.00952410002293,504.70792829326916,504.8924815953154,48512100
2024-03-26,503.9308776855469,506.62145492992863,503.5326622935472,506.28145712240774,65463700
2024-03-27,508.16583251953125,508.2047232896313,504.5913794682458,506.7477422439313,82999800
2024-03-28,508.0686950683594,509.5645075137889,507.7870334248163,508.2046941865004,96294900
2024-04-01,507.18475341796875,509.3411160418204,506.02887949837907,508.80690155295423,62477500
2024-04-02,503.9600830078125,504.0960228561583,501.6677209860127,503.3772549881494,74230300
2024-04-03,504.5137023925781,506.0095743423354,502.82361371377027,502.8721678960329,59155800
2024-04-04,498.3554992675781,508.845750562364,498.0543922336854,508.50581204447843,96858100
2024-04-05,503.561767578125,505.5141316093866,499.26854681862443,499.7056529768442,74546500
2024-04-08,503.8434143066406,505.2615637846118,503.0372608598177,504.26113435269997,48401800
2024-04-09,504.42626953125,505.81525100842816,499.5987748577626,505.57242083511636,68049200
2024-04-10,499.3753356933594,501.35680834932884,497.40358572881735,498.7536762890421,82652800
2024-04-11,503.1441345214844,504.5816702204379,497.3939324409582,500.8906633299254,70099000
2024-04-12,496.19921875,501.0266841379513,494.4799620247676,499.61825717169796,92561100
2024-04-15,489.9827575683594,500.5215638494566,489.13768362770764,500.3564559239092,92101400
2024-04-16,489.0890808105469,491.97390429784934,487.8069304512228,490.45864647041304,73484000
2024-04-17,486.1945495605469,491.7019508026377,484.805568116472,491.53681324608516,75910300
2024-04-18,485.194091796875,489.6718955124249,484.26163225086344,487.58356199441425,74548100
2024-04-19,480.9591369628906,486.1071245547147,479.6964023315547,485.1163881622374,102212600
2024-04-22,485.3883972167969,487.972113920127,481.2214229780645,483.55258680560587,67961000
2024-04-23,491.1482849121094,491.5756683731246,485.20380722643876,487.3892787074855,64633600
2024-04-24,490.9151916503906,492.81897189579723,488.7005816711836,492.0322045112339,55928100
2024-04-25,489.0502624511719,489.8078914311426,483.222338099903,484.8638724968989,69122400
2024-04-26,493.6834716796875,495.2570064811488,491.1968930428971,491.82824557353393,64306100
2024-04-29,495.4318542480469,496.1020679300017,492.70244534017297,495.4609926845512,46415400
2024-04-30,487.5836181640625,494.9462166692865,487.5836181640625,493.9748958846082,77483600
2024-05-01,486.00030517578125,493.6154557030375,485.5340605810027,487.00076428433056,80242800
2024-05-02,490.546142578125,491.3814938803895,485.2232939213588,489.69137553110403,62550200
2024-05-03,496.6265869140625,497.8504308833997,493.9748706361785,496.5003104757314,72756700
2024-05-06,501.755126953125,501.7939584375333,498.57888938265427,499.0159955422608,47264700
2024-05-07,502.3087463378906,503.69772767350116,501.63853275647114,502.7166843877577,52561300
2024-05-08,502.35736083984375,502.8915753738944,500.3661652394486,500.48271898197925,42047200
2024-05-09,505.2518615722656,505.290752341684,501.89112996130467,502.5418982172586,43643700
2024-05-10,505.9027404785156,507.65110602328485,504.68858950510435,506.8448931772194,52233200
2024-05-13,505.970703125,507.68023725667433,504.83427436338025,507.5734061946242,36716400
2024-05-14,508.2921447753906,508.80697323781544,505.63073536323316,506.16494992736375,57535900
2024-05-15,514.5863037109375,514.8776880610556,510.11819296519036,510.7495751277046,59504900
2024-05-16,513.5274658203125,516.2763195865357,513.3817440234014,514.6833396504084,50244800
2024-05-17,514.2658081054688,514.3338076754613,512.1968900639675,513.644148566722,59187600
2024-05-20,514.8582763671875,516.3152574978291,513.9937866680089,514.3823386833988,37764200
2024-05-21,516.1209716796875,516.2764161967744,513.8966685383514,514.1006672352606,33437000
2024-05-22,514.6349487304688,516.1404842090901,512.4688628953678,515.4314389511925,48390000
2024-05-23,510.8758544921875,517.7819304108156,509.67136703027006,517.6750993626108,57211200
2024-05-24,514.2559814453125,515.062194143986,511.7694030777515,512.7115556042107,41291100
2024-05-28,514.6156005859375,515.2955371745237,511.9930219069516,515.0624296092328,36269600
2024-05-29,511.0118408203125,512.1871603116153,510.3027956190019,510.6039026906956,45190300
2024-05-30,507.62188720703125,510.1376338577683,506.3786275625725,509.4771429084137,46377600
2024-05-31,512.2454833984375,512.3717598545443,503.49387285830494,508.5739213312315,90785800
2024-06-03,512.6629638671875,514.1296673530113,507.6120852543447,513.8480057418088,46835700
2024-06-04,513.2361450195312,513.974358217118,509.90452222280885,511.36150323340104,34632700
2024-06-05,519.3359375,519.355382881941,513.5662911101476,515.5478229576875,47610400
2024-06-06,519.326416015625,520.0646293989788,517.4032195687892,519.6372458236016,30808500
2024-06-07,518.6949462890625,521.4923544849469,517.2670741151577,518.3549484930342,43224500
2024-06-10,520.2975463867188,520.6180987720378,517.2961990482391,517.8886903629937,35686100
2024-06-11,521.5506591796875,521.608936050015,516.791164059003,518.7532508345464,36383400
2024-06-12,525.834228515625,528.5150834828803,524.8046308107085,526.0965041099447,63251300
2024-06-13,526.892822265625,527.7475890568103,524.1148598366225,527.572758479254,44760900
2024-06-14,527.2135009765625,527.2426097707814,524.3674790309985,525.3679678522572,40089900
2024-06-17,531.4094848632812,532.7985255135613,526.0769441713737,526.5334956885656,55839500
2024-06-18,532.759765625,532.8860420787739,531.0502314367253,531.4678922897006,41376400
2024-06-20,531.3123168945312,534.3428321311172,529.544506459073,533.6823413010612,70328200
2024-06-21,530.60009765625,531.7109897848462,529.148170327666,530.4929219620788,64338600
2024-06-24,528.875244140625,532.9777175877437,528.75831439887,530.4246524328222,45528700
2024-06-25,530.9119262695312,531.2724695843536,528.5829663352164,530.0933585291979,37936200
2024-06-26,531.5745849609375,532.2859175813455,529.1579572826417,529.8010709636176,38550600
2024-06-27,532.41259765625,532.9875518697215,530.6975485510812,531.4381433443106,35041500
2024-06-28,530.3174438476562,536.2226934820135,529.0799274394088,533.1823416161415,76144500
2024-07-01,531.408935546875,531.9351194589271,528.6609672764391,531.6915058832783,40297800
2024-07-02,534.985107421875,534.985107421875,529.7620472078919,529.8107580224772,40434800
2024-07-03,537.3726806640625,537.7332240580232,534.6344659965342,534.6734227637801,32789900
2024-07-05,540.471435546875,540.870935705732,537.0413368180381,537.6747560069358,41488400
2024-07-08,541.094970703125,542.0401627530802,540.0327894282602,541.2508572097279,36110500
2024-07-09,541.6212158203125,542.946459442177,541.3288914148972,542.0499781069125,27289700
2024-07-10,546.9805908203125,547.3216259700862,542.5468364934588,542.8391608326876,38701200
2024-07-11,542.2643432617188,547.9649369537367,541.6309836132551,547.097658299037,53054200
2024-07-12,545.6846313476562,549.270615886068,542.9172145567801,543.3849335691044,53084400
2024-07-15,547.185302734375,550.4107438001307,545.3338159394242,547.6725298408394,40584300
2024-07-16,550.4302978515625,550.72262227623,547.7407941926679,548.4911431126284,36475300
2024-07-17,542.7125854492188,546.1913944708481,542.3909988738491,544.5250561904461,57119000
2024-07-18,538.5418701171875,545.2266716040288,536.3688561297039,544.2424632762184,56270400
2024-07-19,534.9656372070312,539.9256355832753,533.9132099479913,538.3080081974957,65509100
2024-07-22,540.4810180664062,541.0851748813053,536.9437447439699,538.8731449285856,43346700
2024-07-23,539.63330078125,542.5176472841652,539.1460736583557,540.3738360482369,34439600
2024-07-24,527.40380859375,535.1409770414671,526.4878192997799,534.8388986294111,74515300
2024-07-25,524.6558227539062,533.4746802244538,523.7203848523121,527.5207202794586,61158300
2024-07-26,530.5318603515625,533.2116094688655,527.6572084941715,528.427065396124,53763800
2024-07-29,530.8436279296875,533.0751064195227,528.8557034902234,532.0714496185427,39515800
2024-07-30,528.154296875,533.357909659398,524.7632145177835,532.3054822300633,46853600
2024-07-31,536.7391967773438,539.3604813512061,533.5917282671721,534.9559286681133,65663400
2024-08-01,529.1383666992188,540.6953788447428,525.6498041283504,538.4541461560029,76428700
2024-08-02,519.286865234375,523.2723511274954,515.0966629937822,522.0640369743148,82789100
2024-08-05,504.1632385253906,510.20486789586045,497.2348520537009,498.5698796047611,146267400
2024-08-06,508.8113708496094,516.2172002386701,504.64067761587216,505.95616721920055,84826300
2024-08-07,505.41046142578125,518.0102083711349,504.8160585530724,514.9698561147811,70698300
2024-08-08,517.0942993164062,517.7179049887513,508.5093576317799,510.5264260888053,63276600
2024-08-09,519.3743896484375,520.8555792219031,515.05756422153,516.2756321007693,45619600
2024-08-12,519.6472778320312,522.044397411093,517.3865366569688,520.5632672781688,42542100
2024-08-13,528.1931762695312,528.4270952564345,522.5803695792055,522.8239831490899,52333100
2024-08-14,529.8594360351562,531.0385469501389,526.3221627661688,528.9824035230587,42446900
2024-08-15,538.9414672851562,539.2240376315274,534.8585012342127,535.4626581650564,60846800
2024-08-16,540.1497192382812,540.8416031495808,537.1776457463574,537.3335322529779,44430700
2024-08-19,545.3143920898438,545.3143920898438,539.7112794996588,540.5590500378348,39121800
2024-08-20,544.4276123046875,546.5129587158026,543.0926147134523,544.8661286211883,33732300
2024-08-21,546.2985229492188,547.7504502285475,540.5589732888145,545.4702606482219,41514600
2024-08-22,542.010986328125,548.7932102196837,540.8026724138992,548.1890532625708,56121500
2024-08-23,547.7699584960938,548.7054559638492,543.053573875613,545.2364013003757,50639400
2024-08-26,546.46435546875,549.5046489611141,544.7688140375454,548.7933161591915,35788600
2024-08-27,547.214599609375,547.7018267996916,544.0573769322793,545.1974719043471,32693900
2024-08-28,544.0377197265625,547.3021766926912,540.8609898000797,546.8734145036697,41066000
2024-08-29,544.0864868164062,549.2803444323956,542.9463920388357,545.9964384879656,38715200
2024-08-30,549.2803955078125,549.7871307787254,542.9074857644326,546.4447596496766,62700100
2024-09-03,537.976806640625,546.4837745967734,535.4724516729985,546.1524339283656,60600100
2024-09-04,536.8756713867188,540.2667537157464,535.4237438257495,536.144830576085,47224900
2024-09-05,535.5698852539062,539.6528516965958,533.1239951172813,536.8172154733717,44264300
2024-09-06,526.5560913085938,537.5089477091443,525.659610039857,535.8913798019039,68493800
2024-09-09,532.4515991210938,533.7184374137535,528.8169032647078,530.7366093479087,40445800
2024-09-10,534.7708129882812,535.1216617767944,529.4990408120743,534.351804730089,36394600
2024-09-11,540.2570190429688,541.1730086042064,526.1664457729258,534.6831681423164,75248600
2024-09-12,544.8076782226562,545.1097566752126,538.619857760852,540.831888043875,51819600
2024-09-13,547.653076171875,548.6470386001909,545.1584755178029,545.4118431545087,39310500
2024-09-16,548.4619140625,548.7249762940762,545.5970158864217,547.3899785889079,36656100
2024-09-17,548.6859741210938,552.1063181322738,546.4641898322706,550.6640853659264,49321000
2024-09-18,547.0586547851562,554.1624050516696,546.5032087102647,549.3388444863224,59044900
2024-09-19,556.3938598632812,558.2453466994866,553.5679782684008,556.4231220387844,75315500
2024-09-20,555.43212890625,556.4682163688195,552.4215869805491,555.0314034219361,77503100
2024-09-23,556.8200073242188,557.465153194272,555.2854144616904,556.4974940475859,44116900
2024-09-24,558.413330078125,558.4719742881841,554.796778035406,557.6118194350487,46805700
2024-09-25,557.181640625,558.9899461465259,556.0771251545262,558.2568638249757,38428600
2024-09-26,559.3907470703125,561.7464186568862,557.0449191197562,561.4238456875147,48336000
2024-09-27,558.5794677734375,561.2674367221593,557.5531642883332,560.4562017753216,42100900
2024-09-30,560.8177490234375,561.423758958094,555.2658795088603,557.5530628987858,63557400
2024-10-01,555.7937622070312,561.1110557410046,553.2328657284514,560.4659694617594,72668800
2024-10-02,556.0283203125,557.0448994143397,552.519332659213,554.9042964358707,38097800
2024-10-03,555.0117797851562,556.9470981426042,552.7343205282026,554.562134456547,40846500
2024-10-04,560.055419921875,560.4268531332793,555.2854920412735,559.4396258955153,42939100
2024-10-07,554.9921875,559.0583842578297,553.8485957624074,558.4132383947003,49964700
2024-10-08,560.2410888671875,560.8373745453375,556.683241044493,557.553120131347,37398700
2024-10-09,564.12158203125,564.6787318135322,559.6350914993983,560.2313175326061,37912200
2024-10-10,563.1343994140625,564.5517040960426,561.5313781232933,562.7825341526946,44138100
2024-10-11,566.506591796875,567.2396742554129,562.9193320123793,563.0561883893231,42268000
2024-10-14,571.1395874023438,572.0681703246292,567.6305402513053,568.1094778484854,36217200
2024-10-15,566.7020874023438,571.7065921692961,565.4900076351577,571.4035871421002,54203600
2024-10-16,569.1651611328125,569.6832346627543,565.9005342666823,566.7020448464575,30725400
2024-10-17,569.2140502929688,572.8990304200946,569.0283336899422,572.6937458614649,34393700
2024-10-18,571.403564453125,572.1855071059618,569.4388940141822,570.8952748825009,37416800
2024-10-21,570.4652099609375,571.6576620923939,567.5035282712228,570.6802188403536,36439000
2024-10-22,570.1621704101562,571.3155462187071,567.288485036852,567.9433552717076,34183800
2024-10-23,564.9523315429688,568.5884509212708,561.462852493989,568.1485895916966,49314600
2024-10-24,566.1741943359375,566.9757049256177,563.5644376745634,566.897492764615,34979900
2024-10-25,565.9786376953125,571.27642231265,565.0403304898274,568.39295320261,47268200
2024-10-28,567.728271484375,569.5658692170972,567.425266520915,569.4387968461247,30174700
2024-10-29,568.647216796875,569.7614568362504,565.3825298731324,566.7704826769054,42899700
2024-10-30,566.9269409179688,570.1622760996802,566.2231506662927,568.1780374143577,41435800
2024-10-31,555.8132934570312,562.6456116079135,555.6177928931281,562.5771834276276,60182500
2024-11-01,558.1591186523438,562.5673968338307,557.748609230934,558.4328313722141,45667500
2024-11-04,556.956787109375,559.5861111358071,555.0801132750667,558.2958792314746,38217000
2024-11-05,563.6915893554688,563.7306656122672,557.6509966384954,557.866005538498,39478300
2024-11-06,577.7080688476562,578.5780077061257,572.1855499757824,575.9096065772254,68182000
2024-11-07,582.1749877929688,583.191567003201,579.6238751058823,579.7020872739936,47233200
2024-11-08,584.6968383789062,586.1141431643453,582.7223837264295,582.7223837264295,46444900
2024-11-11,585.2539672851562,586.6321361059588,583.5336575099662,586.2802708315078,37586800
2024-11-12,583.4358520507812,585.7718958867575,580.9628921945897,585.175669871058,43006100
2024-11-13,583.7193603515625,585.7133231848053,581.5396809070076,583.8952929846365,47388600
2024-11-14,579.9658813476562,584.3252993650702,579.2817188550297,583.846361756873,38904100
2024-11-15,572.5372924804688,576.8869261817384,570.6899107142463,576.4177129287726,75988800
2024-11-18,574.8832397460938,576.1929802203847,572.1366267509276,572.9967218779136,37001700
2024-11-19,576.9846801757812,577.7079785622685,570.8561521859538,571.5208063697094,49412000
2024-11-20,577.1802368164062,577.463673880748,571.4426497345274,577.0629483995475,50032600
2024-11-21,580.2786865234375,581.6959910919024,574.1990184692589,580.014817427747,46750300
2024-11-22,582.0772094726562,582.7027874385594,579.7704578390868,580.2689037579424,38226400
2024-11-25,584.0516357421875,587.3064784870423,581.7741764917598,585.9967380709614,42441400
2024-11-26,587.1012573242188,587.7659115133398,584.5794372696156,585.2929516850081,45621300
2024-11-27,585.3223266601562,587.2967213513849,583.807301635719,586.9155638447446,34000200
2024-11-29,588.9583129882812,589.7402555167076,585.8598351444666,586.13348818314,30177400
2024-12-02,590.0139770507812,590.6884151690585,588.8801096579482,589.3688312028335,31746000
2024-12-03,590.2877197265625,590.5320805361104,588.7531863419945,589.7794898104154,26906600
2024-12-04,593.9530639648438,594.1974247464545,591.3042312735546,591.9688854405287,42787600
2024-12-05,592.9756469726562,594.7546007001943,592.6237817496434,593.9530901421784,28762200
2024-12-06,594.0997314453125,595.3313193862531,593.3275728171593,593.7380822446739,31241500
2024-12-09,591.0403442382812,594.1486064406603,590.4539021843977,593.982457801793,34742700
2024-12-10,589.2026977539062,592.135027098725,588.5478275712469,591.7147337183083,37234500
2024-12-11,593.7576904296875,594.7057817338718,591.841880207483,592.1155929499696,28677700
2024-12-12,590.6981811523438,593.4643020580946,590.6981811523438,592.897428037337,31543800
2024-12-13,590.5810546875,593.4351725009043,589.2126101649385,592.7216579621548,35904700
2024-12-16,593.1028442382812,594.0705632929197,591.5585266593175,592.3306854487994,43695200
2024-12-17,590.6591796875,591.5193345487469,589.2907948870824,590.5614592226143,55773500
2024-12-18,573.055419921875,592.7312963771194,572.674202761188,590.3561165933274,108248700
2024-12-19,572.8795166015625,579.6238994978684,572.6351557670356,578.0208781053541,85919500
2024-12-20,579.7603149414062,584.27166262691,569.7175591199479,570.561034960996,125716700
2024-12-23,583.2321166992188,583.8303494697157,576.337534899556,579.5053432293004,57635800
2024-12-24,589.7146606445312,589.7539282690682,583.9969712723625,584.5756300016285,33160100
2024-12-26,589.7540283203125,590.8720184847898,586.5568290557057,587.949453201798,41219100
2024-12-27,583.5458984375,586.2625477535164,579.3777835694219,586.0271215733671,64969300
2024-12-30,576.8866577148438,580.3388565581548,573.1500678896946,576.5630589676712,56578800
2024-12-31,574.7879638671875,579.2601035674252,573.1599137063401,578.5441278348751,57052700
2025-01-02,573.375732421875,579.740679758371,569.3154835989945,578.0342139844852,50204000
2025-01-03,580.5449829101562,581.1824235232453,575.1313169276434,576.210159276193,37888500
2025-01-06,583.88916015625,588.145567536734,582.1630605707853,584.7816606701658,47679400
2025-01-07,577.2888793945312,586.2331597023842,575.4745472605013,585.909501046868,60393100
2025-01-08,578.1322631835938,579.2012884483527,573.92494033326,577.3575056942733,47304700
2025-01-10,569.3055419921875,574.6603643331848,567.4029180711015,574.5917058578824,73105000
2025-01-13,570.188232421875,570.5412818484795,564.264568254907,564.6765191117893,47910100
2025-01-14,570.9729614257812,573.7288188278344,567.2069202769688,573.1011353265001,48420600
2025-01-15,581.3589477539062,582.4965717179379,577.8479067851994,578.9561398854404,56900200
2025-01-16,580.2408447265625,582.8985926554029,579.5445027973688,582.7220679112103,43319700
2025-01-17,586.0664672851562,587.8121409710091,584.1343920679883,585.4584175885924,58070600
2025-01-21,591.4309692382812,591.4407861448484,587.1353543049476,589.0968201243991,42532900
2025-01-22,594.7556762695312,596.1090924921224,593.6964679520279,594.2456759945876,48196000
2025-01-23,598.0018920898438,598.0018920898438,593.8534110339756,594.1279851220985,41152100
2025-01-24,596.2562255859375,599.0121428376514,595.1087847128249,598.0608006812332,34604700
2025-01-27,587.8218994140625,588.1357411390088,583.1830517473746,583.3497595871564,70361100
2025-01-28,592.8726806640625,593.7062796977629,585.7427332202798,589.0477983536082,44433300
2025-01-29,590.2149047851562,592.4902124528912,587.6747800612517,592.0880784150642,37177400
2025-01-30,593.3826293945312,594.9125703683252,589.1458559611356,592.3234809305729,39281300
2025-01-31,590.2246704101562,598.2078504382997,589.4694869358445,595.7952259985301,66566900
2025-02-03,586.2527465820312,588.7241528776601,579.1129820721995,581.2509726905776,65857200
2025-02-04,590.1854858398438,590.695426254437,585.7721876960313,586.3115788306599,33457800
2025-02-05,592.578369140625,592.7255030106178,587.0470814039787,589.0673886644034,30653100
2025-02-06,594.6380004882812,594.7655005585997,591.0190935628144,594.3143418590737,35771500
2025-02-07,589.1950073242188,596.4131881290857,588.4888484089631,595.1970887375172,50788500
2025-02-10,593.1962280273438,593.8337283102429,591.1268961231351,592.3920797831685,26048700
2025-02-11,593.6473999023438,594.1867909987916,590.8228845015021,590.9405676549386,30056700
2025-02-12,591.7350463867188,592.9021210468912,586.9785152974936,587.6552234594287,45076100
2025-02-13,597.982177734375,598.1881531671141,591.578023819101,592.8333306485027,40921300
2025-02-14,597.9529418945312,599.2180659571623,597.335075295313,598.1883082448632,26910400
2025-02-18,599.7084350585938,599.7084350585938,596.6583696805393,599.110202272389,26749000
2025-02-19,601.1205444335938,601.4147523000511,597.815479705502,598.3254799134808,31011100
2025-02-20,598.6197509765625,599.8946917719264,595.3245028060013,599.7573748000233,36554000
2025-02-21,588.3809204101562,598.5412992676794,587.9199448031515,598.4039822903428,76519800
2025-02-24,585.7035522460938,591.4114252530362,584.997393388531,590.420875386549,50737200
2025-02-25,582.790771484375,586.3704708973501,578.2009482027341,585.6447380509082,58266500
2025-02-26,583.0849609375,588.0278934374002,580.4566037497201,584.4481941378576,43321600
2025-02-27,573.7777099609375,586.4978454436941,573.3854527582961,585.350344974499,74196700
2025-02-28,582.73193359375,583.2615078706541,571.2181376161361,574.2780198233005,88744100
2025-03-03,572.5225219726562,585.8310759519914,568.7270900553181,584.6933921520208,74249200
2025-03-04,565.74560546875,574.1112864169365,561.2244408531591,568.5407303426414,109648200
2025-03-05,571.826171875,573.611113090913,562.0384758390375,565.5789075488999,71230500
2025-03-06,561.6755981445312,568.9918277562862,559.1354734261878,564.3921877543482,80094900
2025-03-07,564.8236694335938,566.2653779091431,554.7319495414885,559.9004310284239,81158800
2025-03-10,549.779296875,558.5666258451241,544.8854490052353,556.6542444695278,99326600
2025-03-11,545.2090454101562,553.1530182295099,541.3842228164132,548.6220367842027,88102100
2025-03-12,548.1022338867188,552.2605321303586,543.022044250635,551.3386407379146,69588200
2025-03-13,540.7957763671875,548.337615563181,539.0893105175023,547.7295658893665,74079400
2025-03-14,551.9662475585938,552.966614210826,540.8643446212099,545.3953255555126,62660300
2025-03-17,556.22265625,558.7333299355132,551.5150907128783,551.9466155584751,49008700
2025-03-18,550.2107543945312,554.1336857355857,548.2884964881091,553.9178933850532,66041400
2025-03-19,556.2030029296875,559.9494094443329,550.8089724785119,551.9858638215135,66556000
2025-03-20,554.5947265625,559.5768672502725,551.760393662907,552.4763694984304,62958200
2025-03-21,554.7776489257812,555.6728342872004,548.9247817378139,550.1543857754978,83763000
2025-03-24,564.712890625,565.7654388953832,560.8961948547495,561.4863807824129,58766800
2025-03-25,566.0703125,567.0047634369732,564.329174156886,565.9128895780813,38355700
2025-03-26,559.3125,566.9261989456277,557.9353193986783,565.8047856022024,51848300
2025-03-27,557.8270874023438,561.5847644413973,555.7219909391279,557.9254317069114,42164200
2025-03-28,546.5933227539062,557.0302460332103,546.0129833491962,556.3023301483869,71662700
2025-03-31,550.2625732421875,551.5610423029548,537.9468400615768,540.8585640195936,95328200
2025-04-01,551.8167114257812,553.7545984642982,544.6456828297712,548.3541875419536,54609600
2025-04-02,555.308837890625,558.1614830372098,545.7572527723408,545.9933271249679,76014500
2025-04-03,527.9427490234375,539.0288170958798,527.9427490234375,536.2154977474014,125986000
2025-04-04,497.03546142578125,517.2894955361414,496.81904991432106,515.1253804215398,217965100
2025-04-07,496.150146484375,514.6335325434056,473.93856260259804,481.20799599577117,256611400
2025-04-08,488.3790283203125,516.413968489066,481.1784603514281,513.344881818952,165816600
2025-04-09,539.6682739257812,539.6682739257812,485.00499114058437,485.3886419991045,241867300
2025-04-10,516.0205688476562,524.7950065034121,501.0095530572283,523.4866909882965,162331200
2025-04-11,525.2277221679688,527.677083319112,511.58404327413893,514.476073798931,97866300
2025-04-14,530.3233032226562,535.3991423599505,525.1491197771261,535.1728543881914,68034000
2025-04-15,528.837890625,534.3661851955569,528.0509561027874,530.8642755383438,56892900
2025-04-16,517.0828857421875,529.1133721339063,511.80051174858437,523.0046778330362,83484800
2025-04-17,517.8206176757812,522.5029590498531,515.3614098145464,519.0305887702018,79868100
2025-04-21,505.4951171875,513.1875268574667,500.16354114488826,512.6562995153043,69368100
2025-04-22,518.64697265625,520.6635112296127,510.71848838241135,511.6529994400941,75948100
2025-04-23,526.6836547851562,536.5303334599773,525.1688042348989,531.6119173418257,90590700
2025-04-24,537.769775390625,538.4976913582739,526.7131857388315,527.9624225863133,64150400
2025-04-25,541.6552734375,542.0585570888795,534.8186639244827,537.7303874976484,61119600
2025-04-28,541.86181640625,544.5177728075638,536.1269871108482,542.393043710064,47613800
2025-04-29,545.2753295898438,546.3868965128709,539.5994577828174,539.9535693584907,47775100
2025-04-30,545.4915771484375,547.4393104148963,532.6840646590654,538.6353351060674,93101500
2025-05-01,549.357421875,554.8660827555418,548.7573896482108,551.2264436100357,63186100
2025-05-02,557.5122680664062,559.105829955879,553.203731094349,555.5153624660799,60717300
2025-05-05,554.3153076171875,557.4040871519024,552.5348434974896,553.390643044351,38659200
2025-05-06,549.6821899414062,554.1579367361115,547.8722463773032,548.8263903141681,48264700
2025-05-07,551.9938354492188,554.6202527049248,546.9671688153295,551.0101522781708,55588000
2025-05-08,555.8400268554688,561.0043636579312,552.5348657113146,556.0170826268422,65130800
2025-05-09,555.1317749023438,558.2401872369107,553.577538715433,557.2368112120467,37603400
2025-05-12,573.4775390625,573.4873855021532,567.6246111991788,571.9823211776136,78993600
2025-05-13,577.2646484375,579.4680890959,573.3299158219985,573.890562385163,67947200
2025-05-14,578.00244140625,579.3697154326957,575.9858428026291,578.2188228927168,66283500
2025-05-15,580.8256225585938,581.3272505737436,575.553034807254,576.0055507079343,71268100
2025-05-16,584.5045776367188,584.7996705930015,579.664873035907,581.6027001482121,76052100
2025-05-19,585.1438598632812,585.8226035943907,578.5039990308309,578.5039990308309,68168500
2025-05-20,583.1765747070312,584.3570065824167,579.9796042324612,583.4127091135157,60614500
2025-05-21,573.349609375,582.9110418636186,572.3266004007668,578.8385787658873,95197700
2025-05-22,573.5758666992188,577.0482371941405,571.9232260794693,573.1528300863163,70860400
2025-05-23,569.6607666015625,572.3167232636762,566.2080289447406,566.5818333658885,76029000
2025-05-27,581.50439453125,581.6617574386509,568.9919119990551,576.507266661779,72588500
2025-05-28,578.1400756835938,583.0978771602481,577.412159762467,581.9075989404909,68445500
2025-05-29,580.4223022460938,583.5209285665185,576.5072620387259,583.383198499108,69973300
2025-05-30,579.7730102539062,581.4846092815853,573.7233350319688,579.3204944032111,90601200
2025-06-02,583.0388793945312,583.1175308206884,575.51367904973,578.1696356443219,61630500
2025-06-03,586.3637084960938,587.3375451970118,582.1928415555221,582.6748967264019,63606200
2025-06-04,586.206298828125,588.1933580255613,585.77347583579,587.2195213026215,57314200
2025-06-05,583.3733520507812,589.2262795230108,581.4059855081334,587.8786382444381,92278700
2025-06-06,589.3639526367188,591.0263796061765,587.1211261759919,588.8917438854173,66588700
2025-06-09,589.8951416015625,591.4395314497265,588.7245561772476,589.9344673159251,53016400
2025-06-10,593.2396850585938,593.6232758793388,589.3147986704665,590.426305457828,66247000
2025-06-11,591.5476684570312,595.1873080200999,589.4918043518763,594.3315085062023,73658200
2025-06-12,593.8987426757812,593.8987426757812,589.7377818775473,590.2197770479303,64129000
2025-06-13,587.2589111328125,592.0297509680191,585.7636933525403,588.7344360351562,89506000
2025-06-16,592.8461303710938,594.5872686908244,590.42624830293,590.6033640975234,79984100
2025-06-17,587.7802734375,591.9313878788944,587.0228181324287,590.4165373080118,82209400
2025-06-18,587.6917114257812,591.4100028153547,586.7375074721152,588.675394655937,76605000
2025-06-20,586.3115234375,591.4220592916591,584.910520395366,590.3565237964918,94051400
2025-06-23,592.1027221679688,592.4874469643536,583.9534693671619,587.0611954614843,87426000
2025-06-24,598.643798828125,599.6993983536543,595.3189312980566,596.2266384998721,67735300
2025-06-25,598.979248046875,600.4492593088346,597.4204170810242,599.7586334214261,62114800
2025-06-26,603.6656494140625,604.0997520202613,600.2125796609942,600.8242614856257,78548400
2025-06-27,606.664794921875,608.1249909093486,602.6395460052738,604.6620460106875,86258400
2025-06-30,609.5653686523438,610.9169938229498,606.7930496988761,609.1016996773074,92502500
2025-07-01,609.3681030273438,610.5322734636828,607.2666588703396,608.0953617899536,70030100
2025-07-02,612.1305541992188,612.1699961712587,608.3420172970813,608.9635746030316,66510400
2025-07-03,616.9549560546875,617.882354174148,614.0839419945853,614.1036930875782,51065800
2025-07-07,612.357421875,615.6625385416997,609.5851029977032,615.0014790783108,74814500
2025-07-08,612.0220336914062,613.7682592313246,611.2130216520668,613.0184402574613,59024600
2025-07-09,615.692138671875,616.3432624074327,612.5843521193799,614.4194576258184,66113300
2025-07-10,617.4285278320312,618.4644365752275,614.6562088976586,615.8302548644143,57529000
2025-07-11,615.258056640625,616.4814202079069,613.196114561925,614.389851486408,63670200
2025-07-14,616.4320678710938,616.7773507170579,613.4624186155016,614.804168244691,51898500
2025-07-15,613.7979125976562,619.4411858079188,613.7189684346675,619.1057784945341,74317300
2025-07-16,615.8499755859375,616.3531467698953,609.7627242916457,615.3764310442137,88987500
2025-07-17,619.6187133789062,619.9739319743786,615.8104858123922,616.0275671883336,68885700
2025-07-18,619.1649780273438,621.0295897988693,618.0600006009754,620.861886140426,65621600
2025-07-21,620.3389892578125,623.0718060276608,619.9147622533486,620.3389892578125,63375000
2025-07-22,620.4277954101562,621.2861250306559,617.7936134788556,620.6645676893623,60046300
2025-07-23,625.7060546875,625.7060546875,621.2860849659141,623.0816882564411,70511000
2025-07-24,625.9132080078125,627.6200518287297,625.488980993582,626.0907872079496,71307100
2025-07-25,628.5572509765625,629.0308557161836,626.3276053702117,626.5742531786653,56865400
2025-07-28,628.3994140625,629.4846403177779,627.0181622678288,628.9321516432593,54917100
2025-07-29,626.741943359375,630.1061928990167,625.8342963044605,629.7904764849706,60556300
2025-07-30,625.9526977539062,629.129492632239,623.0718079865017,627.3930824208583,80418900
2025-07-31,623.6045532226562,631.2703255386737,622.3121212201215,630.8856007534994,103385200
2025-08-01,613.3834228515625,617.9415293786636,610.9860135753424,617.9020271938194,140103600
2025-08-04,622.706787109375,622.7561046288977,617.191775701563,617.2805351933534,73218000
2025-08-05,619.5496826171875,624.1274805006751,618.6321599743907,623.3184684441039,68051400
2025-08-06,624.2952270507812,624.9463507668227,619.7075537473198,620.615200817688,64357500
2025-08-07,623.7722778320312,628.4388348760696,620.6743670535704,627.7087670325432,74205800
2025-08-08,628.6361694335938,629.0998986072367,625.2422933193634,625.5580097272857,64051600
2025-08-11,627.39306640625,630.382466681372,626.1499518449814,628.9124554108,58742300
2025-08-12,634.0723266601562,634.2301547632397,628.2514142554742,629.7313011159781,64730800
2025-08-13,636.2428588867188,637.5254154950222,634.0624705008762,636.2625497647373,60092800
2025-08-14,636.3020629882812,636.9630622902898,633.7270741796365,634.1709920856589,59327500
2025-08-15,634.812255859375,637.4267466743545,633.9046087993034,637.3280514224831,68592500
2025-08-18,634.6741333007812,635.3647592128409,633.5691559281859,634.2400307460651,43804900
2025-08-19,631.23095703125,635.4732874420525,629.9187737835771,634.4965717210093,69750700
2025-08-20,629.5537109375,631.0829152899969,624.4629267215348,630.8264521540534,88890300
2025-08-21,627.028076171875,629.4156102095885,625.3114169787772,627.7483287539096,54805800
2025-08-22,636.6572265625,637.831272612948,628.7053031285401,629.2084743239826,84083200
2025-08-25,633.855224609375,636.6374190424261,633.7368384817344,635.4041800322128,51274300
2025-08-26,636.5091552734375,636.85449832521,632.9673265691392,633.5888838455812,51581600
2025-08-27,637.9595947265625,638.689662719787,635.7792060787018,635.927218873765,48341100
2025-08-28,640.21875,640.7712386679527,636.6867968305069,638.5612839961418,61519500
2025-08-29,636.4006958007812,639.1533240222955,634.5163329434167,638.7882298477452,74522200
2025-09-02,631.6847534179688,631.9017745733,626.406454480519,628.9518765829083,81983500
2025-09-03,635.108154296875,635.5718834333111,631.8721667546157,634.0524945785448,70820900
2025-09-04,640.4161376953125,640.4457643382553,634.8813749728572,635.7791465574808,65219200
2025-09-05,638.561279296875,643.4646688785257,634.7037341963564,642.7444163544111,85178900
2025-09-08,640.1300048828125,641.1264716601992,638.5514227841185,639.922799046398,63133100
2025-09-09,641.6098022460938,642.1326642125761,638.5414581827393,640.2679925951522,66133900
2025-09-10,643.4646606445312,645.7732503039375,641.9058297062181,644.8557277247635,78034500
2025-09-11,648.81201171875,649.502637640468,644.8262047273438,645.4082598463015,69934400
2025-09-12,648.5949096679688,650.2721267910674,648.0917987261137,648.7823644090812,72780100
2025-09-15,652.0479736328125,652.1762353081463,650.499078415473,650.7950437367242,63772400
2025-09-16,651.150146484375,652.9063076016578,650.3707611688836,652.6004065429622,61169000
2025-09-17,650.3412475585938,652.8471677889224,645.5266771850337,651.1601352003632,101952200
2025-09-18,653.3799438476562,655.9746837040749,651.4166368558095,653.0149098952402,90459200
2025-09-19,656.6160278320312,657.4569312262267,653.3215535907623,655.2606553211801,97945600
2025-09-22,659.7224731445312,660.1676217378205,655.1022751701781,655.131983947701,69452200
2025-09-23,656.1312866210938,660.2172101260659,654.914373896894,659.6037721086419,81708900
2025-09-24,654.043701171875,657.5162467217733,652.6289715744526,657.4173382288552,68082200
2025-09-25,651.0263061523438,652.3717757310584,647.4251431178142,650.91749472694,89622100
2025-09-26,654.756103515625,655.3002210405111,650.8581544995363,652.4707616041429,69179200
2025-09-29,656.5962524414062,658.1792111877495,654.7956708332731,657.2689872647139,73499000
2025-09-30,659.0695190429688,659.5345338964465,654.5482897020846,655.8542079251938,86288000
2025-10-01,661.3153686523438,662.2255322042525,655.9828838603935,656.0916952927918,72545400
2025-10-02,662.0769653320312,663.4125921637317,659.6630669539827,663.2938778298502,56896000
2025-10-03,662.0671997070312,665.5001336306916,661.0283585893458,662.838842966907,70494400
2025-10-06,664.4415893554688,665.3320074034157,662.314573504463,664.4514922823549,54623300
2025-10-07,661.9781494140625,665.8068381763353,660.5436138980969,665.3616291701808,72020100
2025-10-08,665.925537109375,666.0245059882836,662.2749199573431,663.0960778489103,60702200
2025-10-09,663.9963989257812,666.7467557943302,662.0672604073742,666.3411584665431,66501900
2025-10-10,646.0499877929688,666.7565834688588,645.8719162752307,664.9560020556908,159422600
2025-10-13,655.9630126953125,658.030731623523,652.7279561413051,653.5985682812151,79560500
2025-10-14,655.1616821289062,658.7232938317348,646.1983862715207,650.1556923521978,88779600
2025-10-15,658.0702514648438,663.0762408380068,651.8968641380318,659.7026642450096,81702600
2025-10-16,653.5886840820312,661.5725563129243,650.0963324960569,659.7027147054259,110563300
2025-10-17,657.2986450195312,658.6540174880462,651.1153544209424,652.4608239631079,96500900
2025-10-20,664.1348266601562,665.035147534835,660.1478725090891,660.1973267543179,60493400
2025-10-21,664.1249389648438,665.8068060270512,662.8289237149189,664.2733620876278,56249000
2025-10-22,660.6721801757812,664.8273632729761,656.2202112252926,664.8273632729761,80564000
2025-10-23,664.5899658203125,665.5298380529869,660.6722112216523,660.988802941274,65604500
2025-10-24,670.0213623046875,671.2283116328227,668.4384640813665,669.2398161192735,74356500
2025-10-27,677.926025390625,678.2228112394536,674.8393317954225,675.442806418656,63339800
2025-10-28,679.7266845703125,681.5569145007897,677.5205057270293,679.716781643602,61738100
2025-10-29,680.0531616210938,682.338503435176,675.5813864900747,681.3689223981395,85657100
2025-10-30,672.5738525390625,678.6186229721906,672.5738525390625,676.600418646911,76335800
2025-10-31,674.780029296875,677.7678146457715,671.9901213244605,677.7282029402567,87164100
2025-11-03,676.04638671875,678.4800912258883,672.6826525168186,678.3514739521635,57315000
2025-11-04,668.0328369140625,672.7024895383894,667.3799079726423,668.8935461650569,78427000
2025-11-05,670.347900390625,673.592860073814,666.9742630415905,667.7756151314246,74402400
2025-11-06,663.1554565429688,670.150002278421,661.5824008089137,669.2496813312496,85035300
2025-11-07,663.808349609375,663.9172214121945,654.1525740278607,660.781013040124,100592400
2025-11-10,674.1666259765625,674.8987178962867,667.8250699305912,670.011442763763,75842900
2025-11-11,675.7099609375,676.2738842563608,671.485517700804,672.6925273614432,58953400
2025-11-12,676.0859375,677.6490902522322,673.6818813898049,677.4808612736824,62312500
2025-11-13,664.866943359375,673.5928101259233,663.3632081763918,673.2366670865612,103457800
2025-11-14,664.7581787109375,668.448347404196,656.1906373926532,658.2781019123212,96846700
2025-11-17,658.56494140625,666.5191649555097,655.1022987242936,662.5519561070769,90456100
2025-11-18,653.03466796875,658.0208519047019,648.8596786437042,655.0330664835586,114467500
2025-11-19,655.5574340820312,660.2171837101976,651.7188423695233,653.7272041810384,94703000
2025-11-20,645.5652465820312,668.3494043558474,644.9320631333248,665.7276649913678,165293500
2025-11-21,651.995849609375,657.4568906385811,643.9031059831046,648.0582892153691,123956200
2025-11-24,661.59228515625,662.9081062970187,654.5285399004904,655.6167748873626,80437900
2025-11-25,667.815185546875,668.9924864834618,657.3876457131933,661.4933747936815,81077100
2025-11-26,672.4254150390625,674.4238738525114,669.4969869185696,670.3973078307199,71879600
2025-11-28,676.0958251953125,676.3728052050843,673.2366572287348,673.5928002628821,49212000
2025-12-01,673.0091552734375,675.7000943604489,671.4954567492206,671.5647168500374,61201200
2025-12-02,674.2556762695312,676.5212120744054,672.0791460292079,674.6414676887413,62953800
2025-12-03,676.5905151367188,677.5995871066391,672.4353317565424,673.3059439079583,57238500
2025-12-04,677.085205078125,678.0547257643626,674.0677712084201,677.9854656605314,61970300
2025-12-05,678.3712158203125,681.0424091541689,677.2730780178052,678.1535326146577,79241000
2025-12-08,676.3333129882812,679.3111955598065,674.2953027143022,679.2617413091358,55231500
2025-12-09,675.74951171875,678.0744650894321,675.3043631264671,675.8583835190601,58310100
2025-12-10,680.231201171875,681.6162219852988,674.0380078724895,675.2746659471688,85671300
2025-12-11,681.8140869140625,681.8932499368323,674.8888018222121,677.8271327535609,86173700
2025-12-12,674.4832153320312,681.5272148787925,671.9208332382598,680.8247713558317,113160300
2025-12-15,673.4641723632812,678.4405133715769,671.999988545765,678.4207075198718,90811000
2025-12-16,671.6240844726562,673.8105178026394,667.7755898483048,671.9802275249427,122030600
2025-12-17,664.2338256835938,673.1773153631458,664.035948310003,672.6331978735437,110625200
2025-12-18,669.2495727539062,673.4740156275043,667.6963835086992,670.3675163697123,108650100
2025-12-19,675.3153686523438,675.8114935895343,671.2272434527378,671.3463691548195,103599500
2025-12-22,679.5224609375,680.0483218496023,675.3153313921905,678.639344063116,69556700
2025-12-23,682.6282348632812,682.8663651395233,678.5699062922599,678.6195066727895,64840000
2025-12-24,685.0294799804688,685.4760045408373,682.4694583215327,682.6183200290311,39445600
2025-12-26,684.9600219726562,686.2995351048382,683.9281038851597,685.2874813951044,41613300
2025-12-29,682.51904296875,683.8586166189733,680.7528697076866,682.2114479341877,62559500
2025-12-30,681.685546875,683.2235219572843,681.2588867271484,682.1221392108215,47160700
2025-12-31,676.635009765625,682.0328514439952,676.4266760541103,681.8145855439083,74144800
2026-01-02,677.8753051757812,681.5466416904673,674.5512924418268,680.3956585252009,89377200
2026-01-05,682.3900756835938,684.0868448237256,681.0604947255163,681.2192280630002,71927200
2026-01-06,686.4483642578125,686.9544213697425,682.4496288665487,682.5984300063299,69273800
2026-01-07,684.2356567382812,688.5817158514149,683.9776620917838,686.8254142672773,75588300
2026-01-08,684.1661987304688,685.2675815209567,682.1618346683338,683.4815439165204,64019200
2026-01-09,688.6908569335938,689.9212370510019,683.8387406584166,685.2775150455628,80125500
2026-01-12,689.7723388671875,690.6951844685583,685.277478801028,685.3270791782115,63976000
2026-01-13,688.3931884765625,690.6952153647912,685.9919002674054,690.0998291255927,78309700
2026-01-14,685.009521484375,686.3589666067269,680.7229953056234,685.6445758579941,94676700
2026-01-15,686.875,690.0601436981007,685.8926823763012,689.1869590187856,77862000
2026-01-16,686.299560546875,688.8695145151978,684.7516530771834,688.28406040864,79289200
2026-01-20,672.3286743164062,679.4629532027941,671.3264922720098,676.2083446056304,111623300
2026-01-21,680.0880737304688,683.402154325963,672.8743979165272,674.3826370735425,127844500
2026-01-22,683.6403198242188,685.7736813437502,681.5962874434288,684.5035723961656,77112200
2026-01-23,683.8883056640625,685.6049389887335,681.8343413244536,682.8167194920136,63059600
2026-01-26,687.3612060546875,688.7503800429489,684.5729864520383,685.138576123168,60473800
2026-01-27,690.099853515625,691.1318321418594,688.1947507195304,688.8000086063018,55506100
2026-01-28,690.0303955078125,692.4316838253299,688.5618850633444,691.6477676593287,61172200
2026-01-29,688.6610717773438,691.657685737667,679.5224893166136,690.9928952881424,97486200
2026-01-30,686.6071166992188,688.8298072906449,681.7947290319643,686.4285189892349,101835100
2026-02-02,690.0204467773438,691.5286859406688,684.0768798206813,684.2356737126761,79286500
2026-02-03,684.18603515625,691.5584439188771,678.7286612443456,690.8142565672537,107904600
2026-02-04,680.8718872070312,686.0911308029831,676.476227895848,684.9996196944911,105204600
2026-02-05,672.3683471679688,678.3913111024622,670.5525129616972,675.6626239798336,113610800
2026-02-06,685.267578125,686.9444827733389,675.5732778299765,676.1785962582386,89127600
2026-02-09,688.57177734375,690.4768800480663,683.0052703670985,684.0768565720822,73885200
2026-02-10,686.7559204101562,691.1416475283962,686.2994637039938,689.5640042757049,65185700
2026-02-11,686.5972290039062,691.7370759669038,683.8387453470867,690.9928885783248,76353900
2026-02-12,675.9900512695312,689.9608850687785,675.0970022106213,688.859502308346,118829000
2026-02-13,676.4663696289062,680.961290747747,672.2691719299015,676.4068370573647,96267500
2026-02-17,677.5578002929688,679.6316291710169,670.5426469985775,674.8688419019007,81354700
2026-02-18,680.9711303710938,683.8090109802145,677.53798463666,678.7187643851827,73570300
2026-02-19,679.1751098632812,680.86194660128,676.2678252760687,678.5401160314528,58649400
2026-02-20,684.0868530273438,684.71197532004,676.4465165538227,677.0319706522042,100034000
2026-02-23,677.1013793945312,684.6523861034582,675.0970153480879,682.4992209190492,90558100
2026-02-24,682.0228881835938,683.0151380016027,674.7298762460771,676.6151751251432,73798700
2026-02-25,687.7779541015625,688.3038149887374,684.7515438454409,684.8309407846423,56369500
2026-02-26,683.957763671875,687.926762805978,679.0461151309984,687.9069589925494,71671000
2026-02-27,680.6734008789062,681.536653322228,676.3571386622976,677.7959129218735,83308900
2026-03-02,681.0604858398438,683.2831159083878,672.765291276125,673.4400139353526,87477200
2026-03-03,675.057373046875,677.3196712649806,664.4700232973693,669.8281968363514,105003100
2026-03-04,679.8201904296875,681.7650220692323,674.3528836974749,676.3473157204403,79182200
2026-03-05,676.0297241210938,680.2170498641997,670.3738880206191,676.7937758642711,106606500
2026-03-06,667.1689453125,670.8700177972564,664.5692556037578,668.1909311447467,100687000
2026-03-09,673.0133056640625,674.650481531912,657.2563736570586,661.2253729422058,102667700
2026-03-10,671.9317016601562,678.0637980596332,669.5304741395607,672.4674947413112,81505300
2026-03-11,671.0883178710938,674.8092545860501,668.1215006869746,672.3286301094125,68441700
2026-03-12,660.8978881835938,666.444591119081,660.7093583022987,665.958337853126,108882200
2026-03-13,657.1571655273438,667.1293254881115,656.2343803863124,664.0831110227487,97200200
2026-03-16,663.8449096679688,666.8613272435379,661.9496786440191,663.199923076128,82023100
2026-03-17,665.5912475585938,669.2129836950214,664.5097291491037,667.1788836379297,87128000
2026-03-18,656.3038330078125,664.5295627375546,656.0657027257738,663.1801174312507,82062600
2026-03-19,654.6864013671875,657.8417484417536,650.0922799802194,651.8783174953539,111272500
2026-03-20,645.301025390625,653.380093364961,641.4703940766159,653.2010079047443,163617500
2026-03-23,652.07666015625,659.2801583045331,650.6439158314106,654.7531040433624,134802700
2026-03-24,649.8877563476562,653.7183875512989,646.604401549905,648.0371459178807,96457500
2026-03-25,653.5093994140625,657.5588924447279,650.9423865337293,655.3500504609481,90653800
2026-03-26,641.8385620117188,651.5493174066021,641.5699034672713,648.773401781548,96494400
2026-03-27,630.8939819335938,639.4207325687934,629.9188801961861,639.2615657472361,103649400
2026-03-30,628.78466796875,637.1423539459004,626.108284608157,636.8836547011163,99275900
2026-03-31,647.0620727539062,648.255975728372,634.7643255692599,635.719508676349,152534100
2026-04-01,651.9373779296875,655.2008748639518,649.7086779392242,650.6041659517412,97841500
2026-04-02,652.5244140625,654.8824636102106,641.858414876014,643.161809607987,68358700
2026-04-06,655.6088256835938,656.3948220300638,652.2160396308291,652.5542919409455,39105800
2026-04-07,655.8972778320312,656.285326673986,647.7784337275787,653.3402849463747,69980400
2026-04-08,672.6027221679688,673.6673363432215,668.0756676404139,672.980811715349,93606100
2026-04-09,676.4829711914062,677.7266707213284,670.3739652533407,671.438579338256,57134400
2026-04-10,676.0353393554688,678.5923930707559,675.0304203424645,677.885949822129,42253500
2026-04-13,682.641845703125,682.8408497944083,673.1698703787699,673.9956432299357,54185800
2026-04-14,690.959716796875,691.0791070995066,684.193942434314,684.2238203737314,63480500
2026-04-15,696.412109375,696.7504224001667,690.7010502942645,691.7557051691649,58240400
2026-04-16,698.1234130859375,699.2378238459212,695.0092450197437,697.5264615426626,49972400
2026-04-17,706.5607299804688,708.7993894133457,702.2028014262665,702.5808909886877,70661900
2026-04-20,705.1477661132812,706.3317705126415,702.5808139687996,705.20752199003,43546800
2026-04-21,700.53125,707.6949720613851,699.098505587723,706.7000123508461,58941400
2026-04-22,707.6253051757812,707.8640857857167,704.6503246823615,705.5756906371417,42518500
2026-04-23,704.8792114257812,708.7694771316526,698.7403270820959,705.9239069650033,56174000
2026-04-24,710.341552734375,710.8688498134599,705.4364085481575,707.1676287635845,45182000
2026-04-27,711.5653076171875,712.023010938504,708.7097781525541,709.5753882284523,33135900
2026-04-28,708.1028442382812,709.2868486650957,705.6751402340362,708.2321938525355,43117400
2026-04-29,707.993408203125,708.6102783309316,704.7995658491443,707.4163145996059,41859200
2026-04-30,715.0377197265625,716.1620290590424,706.8691393587039,711.0280636665188,67240900
2026-05-01,717.0177001953125,721.216400793299,716.8385540170647,717.6146516977453,43049800
2026-05-04,714.3909912109375,718.4802608161392,711.3861936216806,716.4406056700121,51950600
2026-05-05,720.1220092773438,721.3855668152729,717.8534719876392,718.1320898558575,36933200
2026-05-06,730.1312866210938,730.8874657022126,724.1515691652952,724.489821452625,53288900
2026-05-07,727.8926391601562,732.4196936796947,726.0718458933673,731.3451201928577,51724600
2026-05-08,733.9021606445312,734.359863963193,730.8675457398152,731.2257166531052,47227100
2026-05-11,735.5736694335938,737.0561496205491,732.7380586745534,732.7380586745534,44024000
2026-05-12,734.4593505859375,735.1160580011854,728.1413807257971,733.1758744234386,54185300
2026-05-13,738.5685424804688,740.1604537310201,731.7629913201908,734.7478704606156,44200200
2026-05-14,744.3989868164062,745.7521781705404,739.8122371427646,739.9018102364839,45307600
2026-05-15,735.4443969726562,739.712813256131,734.2405345152865,738.0511867146383,60410800
2026-05-18,734.927001953125,737.682999009625,729.6935042484962,736.1010471042457,47843900
2026-05-19,730.0317993164062,733.9320852676053,727.8429364442825,731.0765556379026,54255900
2026-05-20,737.5138549804688,738.1307251173267,730.1909663879147,732.0018002736176,45768000
2026-05-21,738.9764404296875,741.1156280791548,733.3151780259534,734.9170485709385,43332200
2026-05-22,741.8817749023438,745.1651298094138,740.7275876279662,742.4787264390759,41762000
2026-05-26,746.8068237304688,748.3390397979183,744.5979816306177,746.2297301040182,41123600
2026-05-27,746.677490234375,747.5928361692701,744.4487294597059,747.0953563113346,42106300
2026-05-28,750.7965698242188,751.3438462445121,745.4536410614309,746.4685193943138,41562600
2026-05-29,752.6671142578125,754.2590862562773,750.8861582097875,752.0900813404212,55075700
2026-06-01,754.7167358398438,756.4480167905853,750.8861651495049,751.5527711685265,43634900
2026-06-02,755.7415771484375,756.5674107365072,752.9357833937803,753.2144012702464,31581900
2026-06-03,750.4384155273438,754.9754294579049,749.7718095132926,754.3287420712209,51402500
2026-06-04,753.2740478515625,754.4878695071194,747.6823186029123,748.3091480570178,49923000
2026-06-05,733.83251953125,749.0255736853693,731.82274221843,748.5181345185488,93989400
2026-06-08,735.4940795898438,741.5832888174093,734.4693026781229,739.6132273185567,49319100
2026-06-09,733.3350219726562,743.1354112835509,718.9479438267383,739.881873688386,87683500
2026-06-10,721.7736206054688,734.6583610930755,721.6741489247238,729.69352181897,60341300
2026-06-11,734.04150390625,736.2702039965386,720.7587550057447,725.0868662900759,86330500
2026-06-12,738.0113525390625,740.6877965432628,731.3252525489901,736.9766163198905,57079500
2026-06-15,751.0254516601562,752.8661028247,747.9709180763429,748.0604304424444,60176400
2026-06-16,746.5481567382812,751.6323864215939,746.100412710964,750.7468576807364,67093100
2026-06-17,737.225341796875,748.3589429763433,735.4940609532621,747.5032315039188,85945200
2026-06-18,744.8902587890625,746.3765582049119,742.0173878962117,745.907751654771,80875700
2026-06-22,742.546142578125,748.321778689857,741.2892538871644,745.8479411927095,46628100
2026-06-23,731.7628784179688,737.7978798883457,730.4860198600484,731.9922892059834,66846800
2026-06-24,731.4237060546875,738.1171068570358,729.0296875445486,733.3489180103626,57439500
2026-06-25,732.4810791015625,737.5385276888334,727.7927091295785,737.0796452204372,53934400
2026-06-26,727.1842651367188,734.7056273477464,714.8050317832251,727.144386135875,71034000
2026-06-29,739.1644897460938,739.7231001504891,730.27658724538,734.7055914816465,58035200
2026-06-30,744.9202270507812,746.1671307285668,739.0547872797607,739.4537599262709,55626000
2026-07-01,743.9127197265625,747.5835968507926,740.541087308444,743.1545925484338,47100900
2026-07-02,742.9351806640625,749.4489739445169,738.1969465958291,745.5486859530862,57447800
2026-07-06,749.4190673828125,750.5462122974698,745.5585975722108,746.885320136641,50673300
2026-07-07,745.85791015625,749.0998597580657,743.364102770238,748.3616416292718,43721500
2026-07-08,743.5536499023438,744.3017921335774,737.6782249675691,741.3191472958572,43767400
2026-07-09,749.8480224609375,750.1073272936331,743.7431866839036,745.4987759890873,41441700
2026-07-10,753.0799560546875,753.5487626123848,746.2468873823584,750.187115173852,42191300
2026-07-13,747.3142700195312,752.0425191788765,746.1471851864706,750.6060836597362,44013600
2026-07-14,749.9677124023438,751.4739818301254,746.8055207475287,749.0499474324819,35143100
2026-07-15,752.9403076171875,753.7084197839658,748.3417413555546,752.3717122204262,43844800
2026-07-16,748.8604125976562,752.7009125511715,746.0274814662645,750.8953984161742,46409800
2026-07-17,741.4487915039062,745.438883195828,738.9649691671198,740.241827732839,62651000
2026-07-20,740.2518310546875,746.8753371556621,739.6732506975046,745.2094908804986,50422300
2026-07-21,746.426513671875,747.1845799829406,742.3366329839115,744.4413918284653,34324300
2026-07-22,745.55859375,748.1621748950539,744.5211918106933,744.7705725456777,32836200
2026-07-23,736.3515014648438,740.7206569606348,733.3888874570794,737.5385562389782,55437300
2026-07-24,737.099609375,741.8777222786117,735.4636571620507,736.6806667930385,44782000
2026-07-27,737.25927734375,743.6833276942111,734.0472217265344,743.0648074406847,41461200
2026-07-28,739.0248413085938,740.9500533043114,734.156924420905,737.3589950224286,47322200
2026-07-29,727.6531372070312,740.8403618199718,727.2939826612791,738.1370526174048,70697200
2026-07-30,739.852783203125,740.6109103701467,732.7703947650456,734.2267392747757,66811300
2026-07-31,745.1796264648438,747.0449895804718,735.8527500027326,742.835410914187,62445900
2026-08-03,755.793212890625,756.7009928898597,746.9451890027125,747.5836183167282,59927500
2026-08-04,769.4193725585938,771.494176400126,758.6361522059436,758.7458651152236,69154800
2026-08-05,767.8831787109375,774.9256883846499,767.6039039413469,773.928165423025,44689100
2026-08-06,766.65625,769.9081846177485,765.5589990885744,768.3021872511085,38416900
2026-08-07,771.3446044921875,772.0029428489042,767.703621378493,769.1101628301597,43586300
2026-08-10,771.1151733398438,773.1301282404592,769.7086319253093,770.6861849056471,39249500
2026-08-11,768.6513061523438,772.6912620504304,767.2946895097219,772.6115040483734,36740600
2026-08-12,770.5764770507812,772.9805414027246,769.369513273419,772.7910096110111,33179100
2026-08-13,775.9531860351562,777.4394855444215,772.1925048911166,772.9506321027081,35634500
2026-08-14,774.4169921875,776.8708596736758,773.509212209858,776.6114939657781,31367900
2026-08-17,770.7560424804688,774.8559080861019,770.5964655970525,774.2573577843602,34356600
2026-08-18,765.5490112304688,767.5939211307613,765.0202948350139,766.7959149360092,43920900
2026-08-19,767.1549682617188,770.5564946026684,766.1973243479778,768.4517358705159,40306000
2026-08-20,760.7109985351562,766.2472997692572,760.1523881029335,764.0627220124634,45520300
2026-08-21,763.8232421875,765.9479709365374,762.2770937955632,764.1524418077088,39188700
2026-08-24,761.5787963867188,763.3244615010249,760.1922857963137,762.8856098637509,32430900
2026-08-25,764.0127563476562,764.8806573052586,761.159855395616,764.262137078792,27422300
2026-08-26,764.182373046875,765.449185749943,762.0376744224566,762.8356805789958,28751600
2026-08-27,769.18994140625,770.4468300957561,765.2596984507333,766.5964060257239,34557100
2026-08-28,767.4442749023438,773.3795487683207,766.4068729286823,769.8483393622295,36744300
2026-08-31,765.1499633789062,766.097622354185,762.8257178677422,765.4292990280279,38810800
2026-09-01,759.89306640625,762.7758614763637,757.5987149009983,760.1224772031874,41126300
2026-09-02,763.2646484375,764.5315220914426,759.8431519587122,760.5614001563074,29566200
2026-09-03,771.2548217773438,772.112737807933,765.5490195828438,765.99791709853,43531600
2026-09-04,768.2822265625,770.9555808433835,767.0951717806925,770.0977256925568,34054200
2026-09-08,764.0626831054688,767.7934091111229,763.2447069992287,767.1649647963771,44746100
2026-09-09,760.5115356445312,762.5763546117217,759.055130192088,762.1873669257697,32812400
2026-09-10,755.9528198242188,758.2271404471661,754.7657651010062,756.1523365872063,42740400
2026-09-11,762.3967895507812,764.4816392943262,761.7084962835214,762.8257171109622,45512700
2026-09-14,758.9952392578125,761.6287143614769,756.0525344863368,757.119891309806,43992400
2026-09-15,755.513916015625,758.4665449596201,754.2769973083872,758.2371341657202,46195000
2026-09-16,752.1821899414062,759.7833101686804,747.7432005092232,757.6187023523285,59217700
2026-09-17,760.7109985351562,761.6786274833105,758.0775841455181,761.2596848801362,49652800
2026-09-18,761.6900024414062,762.0,757.969970703125,761.3099975585938,65395100
2026-09-21,773.5,774.8900146484375,766.030029296875,766.25,50484700
2026-09-22,773.3800048828125,775.1400146484375,772.5700073242188,774.030029296875,34802300
2026-09-23,767.8099975585938,773.0499877929688,766.5,772.7899780273438,54880100
